concept_id,concept,cluster_id,branch_name,reconstructed_proto_form,ipa_form,confidence_score,articulatory_notes,primary_proto_attestations,daughter_attestations
1,brother,branch_african,Proto-Sapiens Africanus (Праафриканский),*ʔaḫ-,ʔaḫ-,0.98,"Reconstructed stem *ʔaḫ- with initial labial/dental stop, open vowel, and preserved root structure.",Праафразийский праязык / Proto-Afroasiatic: *ʔaḫ-; Прасемитский / Proto-Semitic: *ʔaḫw-; Old Egyptian / Древнеегипетский (Раннее и Древнее царство) [egyp1253]: sn; Old Akkadian / Древнеаккадский [akk]: ahu,Праафразийский праязык / Proto-Afroasiatic: *ʔaḫ-; Прасемитский / Proto-Semitic: *ʔaḫw-; Old Egyptian / Древнеегипетский (Раннее и Древнее царство) [egyp1253]: sn; Old Akkadian / Древнеаккадский [akk]: ahu; Ge'ez / Древнеэфиопский (Геэз) [gez]: ʔəḫʷ
2,sister,branch_african,Proto-Sapiens Africanus (Праафриканский),*ʔaḫ-t-,ʔaḫ-t-,0.98,"Reconstructed stem *ʔaḫ-t- with initial labial/dental stop, open vowel, and preserved root structure.",Праафразийский праязык / Proto-Afroasiatic: *ʔaḫ-t-; Прасемитский / Proto-Semitic: *ʔaḫāt-; Old Egyptian / Древнеегипетский (Раннее и Древнее царство) [egyp1253]: snt; Proto-Kalahari Khoe: *ti,Праафразийский праязык / Proto-Afroasiatic: *ʔaḫ-t-; Прасемитский / Proto-Semitic: *ʔaḫāt-; Old Egyptian / Древнеегипетский (Раннее и Древнее царство) [egyp1253]: snt; Proto-Kalahari Khoe: *ti; Proto-Khoekhoe: *ti-
3,father,branch_african,Proto-Sapiens Africanus (Праафриканский),*ʔab-,ʔab-,0.98,"Reconstructed stem *ʔab- with initial labial/dental stop, open vowel, and preserved root structure.",Праафразийский праязык / Proto-Afroasiatic: *ʔab-; Прасемитский / Proto-Semitic: *ʔabw-; Old Egyptian / Древнеегипетский (Раннее и Древнее царство) [egyp1253]: jt; Proto-Kalahari Khoe: *ui,Праафразийский праязык / Proto-Afroasiatic: *ʔab-; Прасемитский / Proto-Semitic: *ʔabw-; Old Egyptian / Древнеегипетский (Раннее и Древнее царство) [egyp1253]: jt; Proto-Kalahari Khoe: *ui; Proto-Khoekhoe: *kau-
4,mother,branch_african,Proto-Sapiens Africanus (Праафриканский),*ʔimm-,ʔimm-,0.98,"Reconstructed stem *ʔimm- with initial labial/dental stop, open vowel, and preserved root structure.",Праафразийский праязык / Proto-Afroasiatic: *ʔimm-; Прасемитский / Proto-Semitic: *ʔimm-; Old Egyptian / Древнеегипетский (Раннее и Древнее царство) [egyp1253]: mwt; Old Akkadian / Древнеаккадский [akk]: ummu,Праафразийский праязык / Proto-Afroasiatic: *ʔimm-; Прасемитский / Proto-Semitic: *ʔimm-; Old Egyptian / Древнеегипетский (Раннее и Древнее царство) [egyp1253]: mwt; Old Akkadian / Древнеаккадский [akk]: ummu; Ge'ez / Древнеэфиопский (Геэз) [gez]: ʔəmm
5,water,branch_african,Proto-Sapiens Africanus (Праафриканский),*m-y / b-r,m-y / b-r,0.98,"Reconstructed stem *m-y / b-r with initial labial/dental stop, open vowel, and preserved root structure.",Праафразийский праязык / Proto-Afroasiatic: *m-y / *b-r; Прасемитский / Proto-Semitic: *māy-; Old Egyptian / Древнеегипетский (Раннее и Древнее царство) [egyp1253]: mw; Proto-Kalahari Khoe: *cʰa,Праафразийский праязык / Proto-Afroasiatic: *m-y / *b-r; Прасемитский / Proto-Semitic: *māy-; Old Egyptian / Древнеегипетский (Раннее и Древнее царство) [egyp1253]: mw; Proto-Kalahari Khoe: *cʰa; Proto-Khoekhoe: *ǁam-
6,fire,branch_african,Proto-Sapiens Africanus (Праафриканский),*ʔ-s-t / w-h-y,ʔ-s-t / w-h-y,0.98,"Reconstructed stem *ʔ-s-t / w-h-y with initial labial/dental stop, open vowel, and preserved root structure.",Праафразийский праязык / Proto-Afroasiatic: *ʔ-s-t / *w-h-y; Прасемитский / Proto-Semitic: *ʔišāt-; Old Egyptian / Древнеегипетский (Раннее и Древнее царство) [egyp1253]: ḫt; Proto-Kalahari Khoe: *ǀʼe,Праафразийский праязык / Proto-Afroasiatic: *ʔ-s-t / *w-h-y; Прасемитский / Proto-Semitic: *ʔišāt-; Old Egyptian / Древнеегипетский (Раннее и Древнее царство) [egyp1253]: ḫt; Proto-Kalahari Khoe: *ǀʼe; Proto-Khoekhoe: *ǀʼae-
7,sun,branch_african,Proto-Sapiens Africanus (Праафриканский),*š-m-š,š-m-š,0.98,"Reconstructed stem *š-m-š with initial labial/dental stop, open vowel, and preserved root structure.",Праафразийский праязык / Proto-Afroasiatic: *š-m-š; Прасемитский / Proto-Semitic: *šamš-; Old Egyptian / Древнеегипетский (Раннее и Древнее царство) [egyp1253]: rꜥ; Proto-Kalahari Khoe: *ǀam,Праафразийский праязык / Proto-Afroasiatic: *š-m-š; Прасемитский / Proto-Semitic: *šamš-; Old Egyptian / Древнеегипетский (Раннее и Древнее царство) [egyp1253]: rꜥ; Proto-Kalahari Khoe: *ǀam; Proto-Khoekhoe: *sore-
8,moon,branch_african,Proto-Sapiens Africanus (Праафриканский),*waraḫ-,waraḫ-,0.98,"Reconstructed stem *waraḫ- with initial labial/dental stop, open vowel, and preserved root structure.",Прасемитский / Proto-Semitic: *waraḫ-; Old Egyptian / Древнеегипетский (Раннее и Древнее царство) [egyp1253]: jꜥḥ; Proto-Kalahari Khoe: *oɛ; Proto-Khoekhoe: *ǁxã-,Прасемитский / Proto-Semitic: *waraḫ-; Old Egyptian / Древнеегипетский (Раннее и Древнее царство) [egyp1253]: jꜥḥ; Proto-Kalahari Khoe: *oɛ; Proto-Khoekhoe: *ǁxã-; Proto North Khoisan: *úí
9,star,branch_african,Proto-Sapiens Africanus (Праафриканский),*kawkab-,kawkab-,0.98,"Reconstructed stem *kawkab- with initial labial/dental stop, open vowel, and preserved root structure.",Прасемитский / Proto-Semitic: *kawkab-; Old Egyptian / Древнеегипетский (Раннее и Древнее царство) [egyp1253]: sbꜣ; Proto-Kalahari Khoe: *ǀxani; Proto-Khoekhoe: *ǀami-ro-,Прасемитский / Proto-Semitic: *kawkab-; Old Egyptian / Древнеегипетский (Раннее и Древнее царство) [egyp1253]: sbꜣ; Proto-Kalahari Khoe: *ǀxani; Proto-Khoekhoe: *ǀami-ro-; Proto North Khoisan: *ǂ
10,eye,branch_african,Proto-Sapiens Africanus (Праафриканский),*ʕ-y-n,ʕ-y-n,0.98,"Reconstructed stem *ʕ-y-n with initial labial/dental stop, open vowel, and preserved root structure.",Праафразийский праязык / Proto-Afroasiatic: *ʕ-y-n; Прасемитский / Proto-Semitic: *ʕayn-; Old Egyptian / Древнеегипетский (Раннее и Древнее царство) [egyp1253]: jrt; Proto-Kalahari Khoe: *ǂxai,Праафразийский праязык / Proto-Afroasiatic: *ʕ-y-n; Прасемитский / Proto-Semitic: *ʕayn-; Old Egyptian / Древнеегипетский (Раннее и Древнее царство) [egyp1253]: jrt; Proto-Kalahari Khoe: *ǂxai; Proto-Khoekhoe: *mũ-
11,ear,branch_african,Proto-Sapiens Africanus (Праафриканский),*ʔ-ḏ-n,ʔ-ḏ-n,0.98,"Reconstructed stem *ʔ-ḏ-n with initial labial/dental stop, open vowel, and preserved root structure.",Праафразийский праязык / Proto-Afroasiatic: *ʔ-ḏ-n; Прасемитский / Proto-Semitic: *ʔuḏn-; Old Egyptian / Древнеегипетский (Раннее и Древнее царство) [egyp1253]: msḏr; Proto-Kalahari Khoe: *ǂe,Праафразийский праязык / Proto-Afroasiatic: *ʔ-ḏ-n; Прасемитский / Proto-Semitic: *ʔuḏn-; Old Egyptian / Древнеегипетский (Раннее и Древнее царство) [egyp1253]: msḏr; Proto-Kalahari Khoe: *ǂe; Proto-Khoekhoe: *ǂae-
12,tooth,branch_african,Proto-Sapiens Africanus (Праафриканский),*š-n-n,š-n-n,0.98,"Reconstructed stem *š-n-n with initial labial/dental stop, open vowel, and preserved root structure.",Праафразийский праязык / Proto-Afroasiatic: *š-n-n; Прасемитский / Proto-Semitic: *šinn-; Old Egyptian / Древнеегипетский (Раннее и Древнее царство) [egyp1253]: jbḥ; Proto-Kalahari Khoe: *ǁũˤ,Праафразийский праязык / Proto-Afroasiatic: *š-n-n; Прасемитский / Proto-Semitic: *šinn-; Old Egyptian / Древнеегипетский (Раннее и Древнее царство) [egyp1253]: jbḥ; Proto-Kalahari Khoe: *ǁũˤ; Proto-Khoekhoe: *ǁũ-
13,tongue,branch_african,Proto-Sapiens Africanus (Праафриканский),*l-s-n,l-s-n,0.98,"Reconstructed stem *l-s-n with initial labial/dental stop, open vowel, and preserved root structure.",Праафразийский праязык / Proto-Afroasiatic: *l-s-n; Прасемитский / Proto-Semitic: *lišān-; Old Egyptian / Древнеегипетский (Раннее и Древнее царство) [egyp1253]: ns; Proto-Kalahari Khoe: *dam,Праафразийский праязык / Proto-Afroasiatic: *l-s-n; Прасемитский / Proto-Semitic: *lišān-; Old Egyptian / Древнеегипетский (Раннее и Древнее царство) [egyp1253]: ns; Proto-Kalahari Khoe: *dam; Proto-Khoekhoe: *lam- #
14,hand,branch_african,Proto-Sapiens Africanus (Праафриканский),*y-d,y-d,0.98,"Reconstructed stem *y-d with initial labial/dental stop, open vowel, and preserved root structure.",Праафразийский праязык / Proto-Afroasiatic: *y-d; Прасемитский / Proto-Semitic: *yad-; Old Egyptian / Древнеегипетский (Раннее и Древнее царство) [egyp1253]: ḏrt; Proto-Kalahari Khoe: *cʰau,Праафразийский праязык / Proto-Afroasiatic: *y-d; Прасемитский / Proto-Semitic: *yad-; Old Egyptian / Древнеегипетский (Раннее и Древнее царство) [egyp1253]: ḏrt; Proto-Kalahari Khoe: *cʰau; Proto North Khoisan: *au
15,foot,branch_african,Proto-Sapiens Africanus (Праафриканский),*r-k-l,r-k-l,0.98,"Reconstructed stem *r-k-l with initial labial/dental stop, open vowel, and preserved root structure.",Праафразийский праязык / Proto-Afroasiatic: *r-g-l; Прасемитский / Proto-Semitic: *rigl-; Old Egyptian / Древнеегипетский (Раннее и Древнее царство) [egyp1253]: rd; Proto-Kalahari Khoe: *are ~ *!are,Праафразийский праязык / Proto-Afroasiatic: *r-g-l; Прасемитский / Proto-Semitic: *rigl-; Old Egyptian / Древнеегипетский (Раннее и Древнее царство) [egyp1253]: rd; Proto-Kalahari Khoe: *are ~ *!are; Proto-Khoekhoe: *ǂʼai-
16,head,branch_african,Proto-Sapiens Africanus (Праафриканский),*raʔš-,raʔš-,0.98,"Reconstructed stem *raʔš- with initial labial/dental stop, open vowel, and preserved root structure.",Прасемитский / Proto-Semitic: *raʔš-; Old Egyptian / Древнеегипетский (Раннее и Древнее царство) [egyp1253]: ḏꜣḏꜣ / tp; Proto-Kalahari Khoe: *ǂu; Proto North Khoisan: *ʔē,Прасемитский / Proto-Semitic: *raʔš-; Old Egyptian / Древнеегипетский (Раннее и Древнее царство) [egyp1253]: ḏꜣḏꜣ / tp; Proto-Kalahari Khoe: *ǂu; Proto North Khoisan: *ʔē; Proto-!Wi: *a
17,heart,branch_african,Proto-Sapiens Africanus (Праафриканский),*l-b-b,l-b-b,0.98,"Reconstructed stem *l-b-b with initial labial/dental stop, open vowel, and preserved root structure.",Праафразийский праязык / Proto-Afroasiatic: *l-b-b; Прасемитский / Proto-Semitic: *libb-; Old Egyptian / Древнеегипетский (Раннее и Древнее царство) [egyp1253]: jb / ḥꜣty; Proto-Kalahari Khoe: *ǂáó,Праафразийский праязык / Proto-Afroasiatic: *l-b-b; Прасемитский / Proto-Semitic: *libb-; Old Egyptian / Древнеегипетский (Раннее и Древнее царство) [egyp1253]: jb / ḥꜣty; Proto-Kalahari Khoe: *ǂáó; Proto-Khoekhoe: *ǂao-
18,blood,branch_african,Proto-Sapiens Africanus (Праафриканский),*d-m,d-m,0.98,"Reconstructed stem *d-m with initial labial/dental stop, open vowel, and preserved root structure.",Праафразийский праязык / Proto-Afroasiatic: *d-m; Прасемитский / Proto-Semitic: *dam-; Old Egyptian / Древнеегипетский (Раннее и Древнее царство) [egyp1253]: znf; Proto-Kalahari Khoe: *ǀʼao,Праафразийский праязык / Proto-Afroasiatic: *d-m; Прасемитский / Proto-Semitic: *dam-; Old Egyptian / Древнеегипетский (Раннее и Древнее царство) [egyp1253]: znf; Proto-Kalahari Khoe: *ǀʼao; Proto-Khoekhoe: *ǀʼao-
19,bone,branch_african,Proto-Sapiens Africanus (Праафриканский),*ḳ-sʼ / ʕ-sʼ-m,ḳ-sʼ / ʕ-sʼ-m,0.98,"Reconstructed stem *ḳ-sʼ / ʕ-sʼ-m with initial labial/dental stop, open vowel, and preserved root structure.",Праафразийский праязык / Proto-Afroasiatic: *ḳ-sʼ / *ʕ-sʼ-m; Прасемитский / Proto-Semitic: *ʕaẓm-; Old Egyptian / Древнеегипетский (Раннее и Древнее царство) [egyp1253]: qs; Proto-Kalahari Khoe: *ǀʼõã,Праафразийский праязык / Proto-Afroasiatic: *ḳ-sʼ / *ʕ-sʼ-m; Прасемитский / Proto-Semitic: *ʕaẓm-; Old Egyptian / Древнеегипетский (Раннее и Древнее царство) [egyp1253]: qs; Proto-Kalahari Khoe: *ǀʼõã; Proto-Khoekhoe: *ǂxo- #
20,one,branch_african,Proto-Sapiens Africanus (Праафриканский),*w-ʕ-d,w-ʕ-d,0.98,"Reconstructed stem *w-ʕ-d with initial labial/dental stop, open vowel, and preserved root structure.",Праафразийский праязык / Proto-Afroasiatic: *w-ʕ-d; Прасемитский / Proto-Semitic: *ʔaḥad-; Old Egyptian / Древнеегипетский (Раннее и Древнее царство) [egyp1253]: wꜥ; Proto-Kalahari Khoe: *ǀui,Праафразийский праязык / Proto-Afroasiatic: *w-ʕ-d; Прасемитский / Proto-Semitic: *ʔaḥad-; Old Egyptian / Древнеегипетский (Раннее и Древнее царство) [egyp1253]: wꜥ; Proto-Kalahari Khoe: *ǀui; Proto-Khoekhoe: *ǀui
21,two,branch_african,Proto-Sapiens Africanus (Праафриканский),*s-n-y,s-n-y,0.98,"Reconstructed stem *s-n-y with initial labial/dental stop, open vowel, and preserved root structure.",Праафразийский праязык / Proto-Afroasiatic: *s-n-y; Прасемитский / Proto-Semitic: *ṯinān-; Old Egyptian / Древнеегипетский (Раннее и Древнее царство) [egyp1253]: snw; Proto-Kalahari Khoe: *ǀam,Праафразийский праязык / Proto-Afroasiatic: *s-n-y; Прасемитский / Proto-Semitic: *ṯinān-; Old Egyptian / Древнеегипетский (Раннее и Древнее царство) [egyp1253]: snw; Proto-Kalahari Khoe: *ǀam; Proto-Khoekhoe: *ǀam
22,who,branch_african,Proto-Sapiens Africanus (Праафриканский),*man,man,0.98,"Reconstructed stem *man with initial labial/dental stop, open vowel, and preserved root structure.",Прасемитский / Proto-Semitic: *man; Old Egyptian / Древнеегипетский (Раннее и Древнее царство) [egyp1253]: mj; Proto-Kalahari Khoe: *ma; Proto-Khoekhoe: *da-,Прасемитский / Proto-Semitic: *man; Old Egyptian / Древнеегипетский (Раннее и Древнее царство) [egyp1253]: mj; Proto-Kalahari Khoe: *ma; Proto-Khoekhoe: *da-; Proto North Khoisan: *hà-ǯù
23,what,branch_african,Proto-Sapiens Africanus (Праафриканский),*mā,mā,0.98,"Reconstructed stem *mā with initial labial/dental stop, open vowel, and preserved root structure.",Прасемитский / Proto-Semitic: *mā; Old Egyptian / Древнеегипетский (Раннее и Древнее царство) [egyp1253]: jḫ; Proto-Kalahari Khoe: *n-du; Proto-Khoekhoe: *da-,Прасемитский / Proto-Semitic: *mā; Old Egyptian / Древнеегипетский (Раннее и Древнее царство) [egyp1253]: jḫ; Proto-Kalahari Khoe: *n-du; Proto-Khoekhoe: *da-; Proto North Khoisan: *hà-čí
24,thou,branch_african,Proto-Sapiens Africanus (Праафриканский),*k-t / ʔ-n-t,k-t / ʔ-n-t,0.98,"Reconstructed stem *k-t / ʔ-n-t with initial labial/dental stop, open vowel, and preserved root structure.",Праафразийский праязык / Proto-Afroasiatic: *k-t / *ʔ-n-t; Прасемитский / Proto-Semitic: *ʔanta; Old Egyptian / Древнеегипетский (Раннее и Древнее царство) [egyp1253]: ntk / ntt; Proto-Kalahari Khoe: *ca / *sa,Праафразийский праязык / Proto-Afroasiatic: *k-t / *ʔ-n-t; Прасемитский / Proto-Semitic: *ʔanta; Old Egyptian / Древнеегипетский (Раннее и Древнее царство) [egyp1253]: ntk / ntt; Proto-Kalahari Khoe: *ca / *sa; Proto-Khoekhoe: *sa=c / *sa=s
25,we,branch_african,Proto-Sapiens Africanus (Праафриканский),*n-ħ-n,n-ħ-n,0.98,"Reconstructed stem *n-ħ-n with initial labial/dental stop, open vowel, and preserved root structure.",Праафразийский праязык / Proto-Afroasiatic: *n-ħ-n; Прасемитский / Proto-Semitic: *niḥnū; Old Egyptian / Древнеегипетский (Раннее и Древнее царство) [egyp1253]: jnn; Proto-Kalahari Khoe: *=m,Праафразийский праязык / Proto-Afroasiatic: *n-ħ-n; Прасемитский / Proto-Semitic: *niḥnū; Old Egyptian / Древнеегипетский (Раннее и Древнее царство) [egyp1253]: jnn; Proto-Kalahari Khoe: *=m; Proto-Khoekhoe: *=m
26,i,branch_african,Proto-Sapiens Africanus (Праафриканский),*ʔanāku,ʔanāku,0.98,"Reconstructed stem *ʔanāku with initial labial/dental stop, open vowel, and preserved root structure.",Прасемитский / Proto-Semitic: *ʔanāku; Old Egyptian / Древнеегипетский (Раннее и Древнее царство) [egyp1253]: jnk; Proto-Kalahari Khoe: *ti; Proto-Khoekhoe: *ti-,Прасемитский / Proto-Semitic: *ʔanāku; Old Egyptian / Древнеегипетский (Раннее и Древнее царство) [egyp1253]: jnk; Proto-Kalahari Khoe: *ti; Proto-Khoekhoe: *ti-; Proto North Khoisan: *mí
27,die,branch_african,Proto-Sapiens Africanus (Праафриканский),*m-w-t,m-w-t,0.98,"Reconstructed stem *m-w-t with initial labial/dental stop, open vowel, and preserved root structure.",Праафразийский праязык / Proto-Afroasiatic: *m-w-t; Прасемитский / Proto-Semitic: *mwt; Old Egyptian / Древнеегипетский (Раннее и Древнее царство) [egyp1253]: mwt; Proto-Kalahari Khoe: *ǁʼo,Праафразийский праязык / Proto-Afroasiatic: *m-w-t; Прасемитский / Proto-Semitic: *mwt; Old Egyptian / Древнеегипетский (Раннее и Древнее царство) [egyp1253]: mwt; Proto-Kalahari Khoe: *ǁʼo; Proto-Khoekhoe: *ǁʼo
28,come,branch_african,Proto-Sapiens Africanus (Праафриканский),*ha,ha,0.98,"Reconstructed stem *ha with initial labial/dental stop, open vowel, and preserved root structure.",Proto-Kalahari Khoe: *ha; Proto-Khoekhoe: *ha; Proto North Khoisan: *cí; Proto-!Wi: *sa ~ *si,Proto-Kalahari Khoe: *ha; Proto-Khoekhoe: *ha; Proto North Khoisan: *cí; Proto-!Wi: *sa ~ *si; Aasax: dah-
29,eat,branch_african,Proto-Sapiens Africanus (Праафриканский),*ʔkl,ʔkl,0.98,"Reconstructed stem *ʔkl with initial labial/dental stop, open vowel, and preserved root structure.",Прасемитский / Proto-Semitic: *ʔkl; Old Egyptian / Древнеегипетский (Раннее и Древнее царство) [egyp1253]: wnm; Proto-Kalahari Khoe: *ǂʼũ; Proto-Khoekhoe: *ǂʼũ,Прасемитский / Proto-Semitic: *ʔkl; Old Egyptian / Древнеегипетский (Раннее и Древнее царство) [egyp1253]: wnm; Proto-Kalahari Khoe: *ǂʼũ; Proto-Khoekhoe: *ǂʼũ; Proto North Khoisan: *ʔḿ
30,drink,branch_african,Proto-Sapiens Africanus (Праафриканский),*šty,šty,0.98,"Reconstructed stem *šty with initial labial/dental stop, open vowel, and preserved root structure.",Прасемитский / Proto-Semitic: *šty; Old Egyptian / Древнеегипетский (Раннее и Древнее царство) [egyp1253]: swr; Proto-Kalahari Khoe: *xʼa; Proto-Khoekhoe: *xʼa,Прасемитский / Proto-Semitic: *šty; Old Egyptian / Древнеегипетский (Раннее и Древнее царство) [egyp1253]: swr; Proto-Kalahari Khoe: *xʼa; Proto-Khoekhoe: *xʼa; Proto North Khoisan: *čʰȉŋ
31,dog,branch_african,Proto-Sapiens Africanus (Праафриканский),*k-l-b,k-l-b,0.98,"Reconstructed stem *k-l-b with initial labial/dental stop, open vowel, and preserved root structure.",Праафразийский праязык / Proto-Afroasiatic: *k-l-b; Прасемитский / Proto-Semitic: *kalb-; Old Egyptian / Древнеегипетский (Раннее и Древнее царство) [egyp1253]: ṯzm / jwr; Proto-Kalahari Khoe: *haˤri-gu #,Праафразийский праязык / Proto-Afroasiatic: *k-l-b; Прасемитский / Proto-Semitic: *kalb-; Old Egyptian / Древнеегипетский (Раннее и Древнее царство) [egyp1253]: ṯzm / jwr; Proto-Kalahari Khoe: *haˤri-gu #; Proto-Khoekhoe: *ʔari-
32,fish,branch_african,Proto-Sapiens Africanus (Праафриканский),*samak- / nūn-,samak- / nūn-,0.98,"Reconstructed stem *samak- / nūn- with initial labial/dental stop, open vowel, and preserved root structure.",Прасемитский / Proto-Semitic: *samak- / *nūn-; Old Egyptian / Древнеегипетский (Раннее и Древнее царство) [egyp1253]: rm; Proto-Kalahari Khoe: *ǁʼau; Proto-Khoekhoe: *ǁʼau-,Прасемитский / Proto-Semitic: *samak- / *nūn-; Old Egyptian / Древнеегипетский (Раннее и Древнее царство) [egyp1253]: rm; Proto-Kalahari Khoe: *ǁʼau; Proto-Khoekhoe: *ǁʼau-; Proto North Khoisan: *mí
33,tree,branch_african,Proto-Sapiens Africanus (Праафриканский),*ʕiṣ́-,ʕiṣ́-,0.98,"Reconstructed stem *ʕiṣ́- with initial labial/dental stop, open vowel, and preserved root structure.",Прасемитский / Proto-Semitic: *ʕiṣ́-; Old Egyptian / Древнеегипетский (Раннее и Древнее царство) [egyp1253]: ḫt; Proto-Kalahari Khoe: *yi; Proto-Khoekhoe: *hai-,Прасемитский / Proto-Semitic: *ʕiṣ́-; Old Egyptian / Древнеегипетский (Раннее и Древнее царство) [egyp1253]: ḫt; Proto-Kalahari Khoe: *yi; Proto-Khoekhoe: *hai-; Proto North Khoisan: *ʰȁŋi
34,stone,branch_african,Proto-Sapiens Africanus (Праафриканский),*ʔabn-,ʔabn-,0.98,"Reconstructed stem *ʔabn- with initial labial/dental stop, open vowel, and preserved root structure.",Прасемитский / Proto-Semitic: *ʔabn-; Old Egyptian / Древнеегипетский (Раннее и Древнее царство) [egyp1253]: jnr; Proto-Kalahari Khoe: *oaˤ; Proto-Khoekhoe: *ǀʼui-,Прасемитский / Proto-Semitic: *ʔabn-; Old Egyptian / Древнеегипетский (Раннее и Древнее царство) [egyp1253]: jnr; Proto-Kalahari Khoe: *oaˤ; Proto-Khoekhoe: *ǀʼui-; Proto North Khoisan: *ò ~ *ù
35,night,branch_african,Proto-Sapiens Africanus (Праафриканский),*layl-,layl-,0.98,"Reconstructed stem *layl- with initial labial/dental stop, open vowel, and preserved root structure.",Прасемитский / Proto-Semitic: *layl-; Old Egyptian / Древнеегипетский (Раннее и Древнее царство) [egyp1253]: grḥ; Proto-Kalahari Khoe: *tʰu; Proto-Khoekhoe: *tʰu-xu-,Прасемитский / Proto-Semitic: *layl-; Old Egyptian / Древнеегипетский (Раннее и Древнее царство) [egyp1253]: grḥ; Proto-Kalahari Khoe: *tʰu; Proto-Khoekhoe: *tʰu-xu-; Proto North Khoisan: *ú
36,name,branch_african,Proto-Sapiens Africanus (Праафриканский),*s-m,s-m,0.98,"Reconstructed stem *s-m with initial labial/dental stop, open vowel, and preserved root structure.",Праафразийский праязык / Proto-Afroasiatic: *s-m; Прасемитский / Proto-Semitic: *šim-; Old Egyptian / Древнеегипетский (Раннее и Древнее царство) [egyp1253]: rn; Proto-Kalahari Khoe: *ǀxʼon,Праафразийский праязык / Proto-Afroasiatic: *s-m; Прасемитский / Proto-Semitic: *šim-; Old Egyptian / Древнеегипетский (Раннее и Древнее царство) [egyp1253]: rn; Proto-Kalahari Khoe: *ǀxʼon; Proto-Khoekhoe: *ǀxʼon-
37,burn,branch_african,Proto-Sapiens Africanus (Праафриканский),*dao,dao,0.98,"Reconstructed stem *dao with initial labial/dental stop, open vowel, and preserved root structure.",Proto-Kalahari Khoe: *dao; Proto-Khoekhoe: *dao; Proto North Khoisan: *kūʔú; Proto-!Wi: *ǁa #,Proto-Kalahari Khoe: *dao; Proto-Khoekhoe: *dao; Proto North Khoisan: *kūʔú; Proto-!Wi: *ǁa #; Aasax: daʔ-
38,full,branch_african,Proto-Sapiens Africanus (Праафриканский),*ǀxʼoɛ,ǀxʼoɛ,0.98,"Reconstructed stem *ǀxʼoɛ with initial labial/dental stop, open vowel, and preserved root structure.",Proto-Kalahari Khoe: *ǀxʼoɛ; Proto-Khoekhoe: *ǀxʼoa-; Proto North Khoisan: *àʔŋ; Proto-!Wi: *!qauŋ #,Proto-Kalahari Khoe: *ǀxʼoɛ; Proto-Khoekhoe: *ǀxʼoa-; Proto North Khoisan: *àʔŋ; Proto-!Wi: *!qauŋ #; Aasax: haš-
39,give,branch_african,Proto-Sapiens Africanus (Праафриканский),*ntn / whb,ntn / whb,0.98,"Reconstructed stem *ntn / whb with initial labial/dental stop, open vowel, and preserved root structure.",Прасемитский / Proto-Semitic: *ntn / *whb; Proto-Kalahari Khoe: *ma ~ *mã; Proto-Khoekhoe: *ma; Proto North Khoisan: *ǀãʔã,Прасемитский / Proto-Semitic: *ntn / *whb; Proto-Kalahari Khoe: *ma ~ *mã; Proto-Khoekhoe: *ma; Proto North Khoisan: *ǀãʔã; Proto-!Wi: *a #
40,good,branch_african,Proto-Sapiens Africanus (Праафриканский),*ṭāb-,ṭāb-,0.98,"Reconstructed stem *ṭāb- with initial labial/dental stop, open vowel, and preserved root structure.",Прасемитский / Proto-Semitic: *ṭāb-; Proto-Kalahari Khoe: *tʼoni; Proto-Khoekhoe: *!ãĩ; Proto North Khoisan: *žã,Прасемитский / Proto-Semitic: *ṭāb-; Proto-Kalahari Khoe: *tʼoni; Proto-Khoekhoe: *!ãĩ; Proto North Khoisan: *žã; Aasax: =ʔila
41,new,branch_african,Proto-Sapiens Africanus (Праафриканский),*xʼoa,xʼoa,0.98,"Reconstructed stem *xʼoa with initial labial/dental stop, open vowel, and preserved root structure.",Proto-Kalahari Khoe: *xʼoa; Proto-Khoekhoe: *ǀʼa-sa #; Proto North Khoisan: *ʒe,Proto-Kalahari Khoe: *xʼoa; Proto-Khoekhoe: *ǀʼa-sa #; Proto North Khoisan: *ʒe; Aasax: =ʔamba; Nayi [noz]: kʼa-nu
42,red,branch_african,Proto-Sapiens Africanus (Праафриканский),*oaˤ,oaˤ,0.98,"Reconstructed stem *oaˤ with initial labial/dental stop, open vowel, and preserved root structure.",Proto-Kalahari Khoe: *oaˤ; Proto-Khoekhoe: *ǀxʼaba; Proto North Khoisan: * ~ *ae; Proto-!Wi: *ǂ1e ~ *ǂ1i,Proto-Kalahari Khoe: *oaˤ; Proto-Khoekhoe: *ǀxʼaba; Proto North Khoisan: * ~ *ae; Proto-!Wi: *ǂ1e ~ *ǂ1i; Aasax: =huma
43,white,branch_african,Proto-Sapiens Africanus (Праафриканский),*xoɛ,xoɛ,0.98,"Reconstructed stem *xoɛ with initial labial/dental stop, open vowel, and preserved root structure.",Proto-Kalahari Khoe: *xoɛ #; Proto-Khoekhoe: *!ʼuri #; Proto North Khoisan: *!àʔū; Proto-!Wi: *ŋ,Proto-Kalahari Khoe: *xoɛ #; Proto-Khoekhoe: *!ʼuri #; Proto North Khoisan: *!àʔū; Proto-!Wi: *ŋ; Aasax: =abaka
44,black,branch_african,Proto-Sapiens Africanus (Праафриканский),*u,u,0.98,"Reconstructed stem *u with initial labial/dental stop, open vowel, and preserved root structure.",Proto-Kalahari Khoe: *u; Proto-Khoekhoe: *u; Proto North Khoisan: *žō; Proto-!Wi: *!oe ~ *!ʰoe #,Proto-Kalahari Khoe: *u; Proto-Khoekhoe: *u; Proto North Khoisan: *žō; Proto-!Wi: *!oe ~ *!ʰoe #; Aasax: =biasa
45,stand,branch_african,Proto-Sapiens Africanus (Праафриканский),*tɛ,tɛ,0.98,"Reconstructed stem *tɛ with initial labial/dental stop, open vowel, and preserved root structure.",Proto-Kalahari Khoe: *tɛ; Proto-Khoekhoe: *mã; Proto North Khoisan: *ʔṹ,Proto-Kalahari Khoe: *tɛ; Proto-Khoekhoe: *mã; Proto North Khoisan: *ʔṹ; Aasax: hut-; Nayi [noz]: aš-kio #
46,sit,branch_african,Proto-Sapiens Africanus (Праафриканский),*ũ,ũ,0.98,"Reconstructed stem *ũ with initial labial/dental stop, open vowel, and preserved root structure.",Proto-Kalahari Khoe: *ũ; Proto-Khoekhoe: *u ~ *ũ; Proto North Khoisan: *ʔá; Proto-!Wi: *soʔ-,Proto-Kalahari Khoe: *ũ; Proto-Khoekhoe: *u ~ *ũ; Proto North Khoisan: *ʔá; Proto-!Wi: *soʔ-; Aasax: ʔamim-
47,see,branch_african,Proto-Sapiens Africanus (Праафриканский),*mũ,mũ,0.98,"Reconstructed stem *mũ with initial labial/dental stop, open vowel, and preserved root structure.",Proto-Kalahari Khoe: *mũ; Proto-Khoekhoe: *mũ; Proto North Khoisan: *sé ~ *hé; Proto-!Wi: *a ~ *i,Proto-Kalahari Khoe: *mũ; Proto-Khoekhoe: *mũ; Proto North Khoisan: *sé ~ *hé; Proto-!Wi: *a ~ *i; Aasax: ʔadam-
48,hear,branch_african,Proto-Sapiens Africanus (Праафриканский),*kúḿ,kúḿ,0.98,"Reconstructed stem *kúḿ with initial labial/dental stop, open vowel, and preserved root structure.",Proto-Kalahari Khoe: *kúḿ; Proto-Khoekhoe: *ãũ; Proto North Khoisan: *sàʔā; Proto-!Wi: *tu,Proto-Kalahari Khoe: *kúḿ; Proto-Khoekhoe: *ãũ; Proto North Khoisan: *sàʔā; Proto-!Wi: *tu; Aasax: has-
49,know,branch_african,Proto-Sapiens Africanus (Праафриканский),*!ʼã,!ʼã,0.98,"Reconstructed stem *!ʼã with initial labial/dental stop, open vowel, and preserved root structure.",Proto-Kalahari Khoe: *!ʼã; Proto-Khoekhoe: *ǂʼan; Proto North Khoisan: *!ʼʰã; Proto-!Wi: *ǁxae #,Proto-Kalahari Khoe: *!ʼã; Proto-Khoekhoe: *ǂʼan; Proto North Khoisan: *!ʼʰã; Proto-!Wi: *ǁxae #; Aasax: šah-
50,rain,branch_african,Proto-Sapiens Africanus (Праафриканский),*tu,tu,0.98,"Reconstructed stem *tu with initial labial/dental stop, open vowel, and preserved root structure.",Proto-Kalahari Khoe: *tu; Proto-Khoekhoe: *tu-; Proto North Khoisan: *à; Proto-!Wi: *ǂqa-,Proto-Kalahari Khoe: *tu; Proto-Khoekhoe: *tu-; Proto North Khoisan: *à; Proto-!Wi: *ǂqa-; Aasax: miǯ-ok
51,all,branch_african,Proto-Sapiens Africanus (Праафриканский),*we-,we-,0.98,"Reconstructed stem *we- with initial labial/dental stop, open vowel, and preserved root structure.",Proto-Kalahari Khoe: *we- #; Proto-Khoekhoe: *hoa; Proto North Khoisan: *wòe-še; Proto-!Wi: *ku #,Proto-Kalahari Khoe: *we- #; Proto-Khoekhoe: *hoa; Proto North Khoisan: *wòe-še; Proto-!Wi: *ku #; Aasax: wataka
52,ashes,branch_african,Proto-Sapiens Africanus (Праафриканский),*oa,oa,0.98,"Reconstructed stem *oa with initial labial/dental stop, open vowel, and preserved root structure.",Proto-Kalahari Khoe: *oa; Proto-Khoekhoe: *tʰao-; Proto North Khoisan: *t; Proto-!Wi: *!qui #,Proto-Kalahari Khoe: *oa; Proto-Khoekhoe: *tʰao-; Proto North Khoisan: *t; Proto-!Wi: *!qui #; Aasax: wura-to
53,bark,branch_african,Proto-Sapiens Africanus (Праафриканский),*ǁxʼũ,ǁxʼũ,0.98,"Reconstructed stem *ǁxʼũ with initial labial/dental stop, open vowel, and preserved root structure.",Proto-Kalahari Khoe: *ǁxʼũ; Proto-Khoekhoe: *soro-; Proto North Khoisan: *ʔrV,Proto-Kalahari Khoe: *ǁxʼũ; Proto-Khoekhoe: *soro-; Proto North Khoisan: *ʔrV; Nayi [noz]: orkn #; Chara [cra]: gˈong-a; gˈurʔ-a
54,belly,branch_african,Proto-Sapiens Africanus (Праафриканский),*ǀa ~ a,ǀa ~ a,0.98,"Reconstructed stem *ǀa ~ a with initial labial/dental stop, open vowel, and preserved root structure.",Proto-Kalahari Khoe: *ǀa ~ *a; Proto-Khoekhoe: *a-; Proto North Khoisan: *ú,Proto-Kalahari Khoe: *ǀa ~ *a; Proto-Khoekhoe: *a-; Proto North Khoisan: *ú; Nayi [noz]: yiːn-u #; Chara [cra]: ʔˈiːn-a
55,big,branch_african,Proto-Sapiens Africanus (Праафриканский),*kai,kai,0.98,"Reconstructed stem *kai with initial labial/dental stop, open vowel, and preserved root structure.",Proto-Kalahari Khoe: *kai #; Proto-Khoekhoe: *kai; Proto North Khoisan: *àʔà ~ *ʔ; Proto-!Wi: *!xo #; *u-si ~ *o-si #,Proto-Kalahari Khoe: *kai #; Proto-Khoekhoe: *kai; Proto North Khoisan: *àʔà ~ *ʔ; Proto-!Wi: *!xo #; *u-si ~ *o-si #; Aasax: =ǯira
56,bird,branch_african,Proto-Sapiens Africanus (Праафриканский),*ʒara,ʒara,0.98,"Reconstructed stem *ʒara with initial labial/dental stop, open vowel, and preserved root structure.",Proto-Kalahari Khoe: *ʒara; Proto-Khoekhoe: *xʼani-; Proto North Khoisan: *cʼā(m)-mà; Proto-!Wi: *ǀqʰu-,Proto-Kalahari Khoe: *ʒara; Proto-Khoekhoe: *xʼani-; Proto North Khoisan: *cʼā(m)-mà; Proto-!Wi: *ǀqʰu-; Aasax: širaʔa
57,bite,branch_african,Proto-Sapiens Africanus (Праафриканский),*pa,pa,0.98,"Reconstructed stem *pa with initial labial/dental stop, open vowel, and preserved root structure.",Proto-Kalahari Khoe: *pa; Proto-Khoekhoe: *ba #; Proto North Khoisan: *ʔāē; Proto-!Wi: *cʼi,Proto-Kalahari Khoe: *pa; Proto-Khoekhoe: *ba #; Proto North Khoisan: *ʔāē; Proto-!Wi: *cʼi; Aasax: ǯalas-
58,claw / nail,branch_african,Proto-Sapiens Africanus (Праафриканский),*ǁoro,ǁoro,0.98,"Reconstructed stem *ǁoro with initial labial/dental stop, open vowel, and preserved root structure.",Proto-Kalahari Khoe: *ǁoro; *ǁa; Proto-Khoekhoe: *ǁoro-; Proto North Khoisan: *ūʔrú; Proto-!Wi: *ǁqor-,Proto-Kalahari Khoe: *ǁoro; *ǁa; Proto-Khoekhoe: *ǁoro-; Proto North Khoisan: *ūʔrú; Proto-!Wi: *ǁqor-; Aasax: seŋ-et
59,cloud,branch_african,Proto-Sapiens Africanus (Праафриканский),*!à=!kxúí,!à=!kxúí,0.98,"Reconstructed stem *!à=!kxúí with initial labial/dental stop, open vowel, and preserved root structure.",Proto North Khoisan: *!à=!kxúí #,Proto North Khoisan: *!à=!kxúí #; Aasax: buʕurita; Nayi [noz]: diː; Chara [cra]: tˈug-na; Dorze [doz]: guːl-e
60,cold,branch_african,Proto-Sapiens Africanus (Праафриканский),*!qʰai,!qʰai,0.98,"Reconstructed stem *!qʰai with initial labial/dental stop, open vowel, and preserved root structure.",Proto-Kalahari Khoe: *!qʰai; Proto-Khoekhoe: *!xai; Proto North Khoisan: *ǂàʔū,Proto-Kalahari Khoe: *!qʰai; Proto-Khoekhoe: *!xai; Proto North Khoisan: *ǂàʔū; Nayi [noz]: šow; Chara [cra]: šˈač-a
61,dry,branch_african,Proto-Sapiens Africanus (Праафриканский),*ǁxo,ǁxo,0.98,"Reconstructed stem *ǁxo with initial labial/dental stop, open vowel, and preserved root structure.",Proto-Kalahari Khoe: *ǁxo; Proto-Khoekhoe: *ǀʼo; Proto North Khoisan: *kxau; Proto-!Wi: *ǁo #,Proto-Kalahari Khoe: *ǁxo; Proto-Khoekhoe: *ǀʼo; Proto North Khoisan: *kxau; Proto-!Wi: *ǁo #; Aasax: =rakaš
62,feather,branch_african,Proto-Sapiens Africanus (Праафриканский),*ǂʼũ,ǂʼũ,0.98,"Reconstructed stem *ǂʼũ with initial labial/dental stop, open vowel, and preserved root structure.",Proto-Kalahari Khoe: *ǂʼũ; Proto-Khoekhoe: *!ʼam-; Proto North Khoisan: *!kxúí; Proto-!Wi: *ʔã,Proto-Kalahari Khoe: *ǂʼũ; Proto-Khoekhoe: *!ʼam-; Proto North Khoisan: *!kxúí; Proto-!Wi: *ʔã; Aasax: seʔem-uk
63,fly,branch_african,Proto-Sapiens Africanus (Праафриканский),*om,om,0.98,"Reconstructed stem *om with initial labial/dental stop, open vowel, and preserved root structure.",Proto North Khoisan: *om #; Proto-!Wi: *zeˤ #,Proto North Khoisan: *om #; Proto-!Wi: *zeˤ #; Aasax: ǯiʔit-; Chara [cra]: wˈol-; Dorze [doz]: pʼirapʼ-ires
64,hair,branch_african,Proto-Sapiens Africanus (Праафриканский),*ǀʼũ,ǀʼũ,0.98,"Reconstructed stem *ǀʼũ with initial labial/dental stop, open vowel, and preserved root structure.",Proto-Kalahari Khoe: *ǀʼũ; Proto-Khoekhoe: *ǀʼũ-; Proto North Khoisan: *!kxúí; Proto-!Wi: *ǀʰu,Proto-Kalahari Khoe: *ǀʼũ; Proto-Khoekhoe: *ǀʼũ-; Proto North Khoisan: *!kxúí; Proto-!Wi: *ǀʰu; Aasax: seʔem-uk
65,horn,branch_african,Proto-Sapiens Africanus (Праафриканский),*â,â,0.98,"Reconstructed stem *â with initial labial/dental stop, open vowel, and preserved root structure.",Proto-Kalahari Khoe: *â; Proto-Khoekhoe: *ã-; Proto North Khoisan: *!ʰú; Proto-!Wi: *ǁẽĩ,Proto-Kalahari Khoe: *â; Proto-Khoekhoe: *ã-; Proto North Khoisan: *!ʰú; Proto-!Wi: *ǁẽĩ; Aasax: hadoŋ
66,kill,branch_african,Proto-Sapiens Africanus (Праафриканский),*ǀxʼũ,ǀxʼũ,0.98,"Reconstructed stem *ǀxʼũ with initial labial/dental stop, open vowel, and preserved root structure.",Proto-Kalahari Khoe: *ǀxʼũ; Proto-Khoekhoe: *!am; Proto North Khoisan: *!ʰṹ; Proto-!Wi: *ǀʰa ~ *ǀʰi #,Proto-Kalahari Khoe: *ǀxʼũ; Proto-Khoekhoe: *!am; Proto North Khoisan: *!ʰṹ; Proto-!Wi: *ǀʰa ~ *ǀʰi #; Aasax: ga-s-
67,knee,branch_african,Proto-Sapiens Africanus (Праафриканский),*ǁoɛ,ǁoɛ,0.98,"Reconstructed stem *ǁoɛ with initial labial/dental stop, open vowel, and preserved root structure.",Proto-Kalahari Khoe: *ǁoɛ; Proto-Khoekhoe: *ǁoa-; Proto North Khoisan: *xòà; Proto-!Wi: *u-aŋ ~ *o-aŋ,Proto-Kalahari Khoe: *ǁoɛ; Proto-Khoekhoe: *ǁoa-; Proto North Khoisan: *xòà; Proto-!Wi: *u-aŋ ~ *o-aŋ; Aasax: ŋulu-et
68,leaf,branch_african,Proto-Sapiens Africanus (Праафриканский),*ana,ana,0.98,"Reconstructed stem *ana with initial labial/dental stop, open vowel, and preserved root structure.",Proto-Kalahari Khoe: *ana; Proto North Khoisan: *oa #,Proto-Kalahari Khoe: *ana; Proto North Khoisan: *oa #; Aasax: debiya; Nayi [noz]: ai; Chara [cra]: wˈuy-a
69,lie,branch_african,Proto-Sapiens Africanus (Праафриканский),*ǁoe,ǁoe,0.98,"Reconstructed stem *ǁoe with initial labial/dental stop, open vowel, and preserved root structure.",Proto-Kalahari Khoe: *ǁoe; Proto-Khoekhoe: *ǁoe; Proto North Khoisan: *šú; Proto-!Wi: *ta,Proto-Kalahari Khoe: *ǁoe; Proto-Khoekhoe: *ǁoe; Proto North Khoisan: *šú; Proto-!Wi: *ta; Aasax: ʔat-
70,liver,branch_african,Proto-Sapiens Africanus (Праафриканский),*xʼẽĩ,xʼẽĩ,0.98,"Reconstructed stem *xʼẽĩ with initial labial/dental stop, open vowel, and preserved root structure.",Proto-Kalahari Khoe: *xʼẽĩ; Proto-Khoekhoe: *xʼãĩ-; Proto North Khoisan: *či; Proto-!Wi: *aN,Proto-Kalahari Khoe: *xʼẽĩ; Proto-Khoekhoe: *xʼãĩ-; Proto North Khoisan: *či; Proto-!Wi: *aN; Aasax: dowo
71,long,branch_african,Proto-Sapiens Africanus (Праафриканский),*!ao,!ao,0.98,"Reconstructed stem *!ao with initial labial/dental stop, open vowel, and preserved root structure.",Proto-Kalahari Khoe: *!ao; Proto-Khoekhoe: *kai-xu; Proto North Khoisan: *aʔŋ; Proto-!Wi: *ǀʼã,Proto-Kalahari Khoe: *!ao; Proto-Khoekhoe: *kai-xu; Proto North Khoisan: *aʔŋ; Proto-!Wi: *ǀʼã; Aasax: ǯada
72,louse,branch_african,Proto-Sapiens Africanus (Праафриканский),*xʼuni,xʼuni,0.98,"Reconstructed stem *xʼuni with initial labial/dental stop, open vowel, and preserved root structure.",Proto-Kalahari Khoe: *xʼuni; Proto-Khoekhoe: *xʼuri-; Proto North Khoisan: *cʼí; Proto-!Wi: *u-,Proto-Kalahari Khoe: *xʼuni; Proto-Khoekhoe: *xʼuri-; Proto North Khoisan: *cʼí; Proto-!Wi: *u-; Aasax: ʔita
73,man,branch_african,Proto-Sapiens Africanus (Праафриканский),*xʼao,xʼao,0.98,"Reconstructed stem *xʼao with initial labial/dental stop, open vowel, and preserved root structure.",Proto-Kalahari Khoe: *xʼao; Proto-Khoekhoe: *xʼao-; Proto North Khoisan: *!ʼʰõã; Proto-!Wi: *ǂo ~ *ǂʼo #,Proto-Kalahari Khoe: *xʼao; Proto-Khoekhoe: *xʼao-; Proto North Khoisan: *!ʼʰõã; Proto-!Wi: *ǂo ~ *ǂʼo #; Aasax: hat-uk
74,many,branch_african,Proto-Sapiens Africanus (Праафриканский),*xʼao,xʼao,0.98,"Reconstructed stem *xʼao with initial labial/dental stop, open vowel, and preserved root structure.",Proto-Kalahari Khoe: *xʼao; Proto-Khoekhoe: *ǂui #; Proto North Khoisan: *ǂʰí; Proto-!Wi: *ǂo ~ *ǂʼo #,Proto-Kalahari Khoe: *xʼao; Proto-Khoekhoe: *ǂui #; Proto North Khoisan: *ǂʰí; Proto-!Wi: *ǂo ~ *ǂʼo #; Aasax: =šaʔi
75,meat,branch_african,Proto-Sapiens Africanus (Праафриканский),*xʼo-xu,xʼo-xu,0.98,"Reconstructed stem *xʼo-xu with initial labial/dental stop, open vowel, and preserved root structure.",Proto-Kalahari Khoe: *xʼo-xu; Proto-Khoekhoe: *xʼo-; Proto North Khoisan: *ʰā; Proto-!Wi: *ʘoa,Proto-Kalahari Khoe: *xʼo-xu; Proto-Khoekhoe: *xʼo-; Proto North Khoisan: *ʰā; Proto-!Wi: *ʘoa; Aasax: ʔaga
76,mountain,branch_african,Proto-Sapiens Africanus (Праафриканский),*ti,ti,0.98,"Reconstructed stem *ti with initial labial/dental stop, open vowel, and preserved root structure.",Proto-Kalahari Khoe: *ti; Proto-Khoekhoe: *ǀʼui-; Proto North Khoisan: *ʔòm; Proto-!Wi: *!ao #,Proto-Kalahari Khoe: *ti; Proto-Khoekhoe: *ǀʼui-; Proto North Khoisan: *ʔòm; Proto-!Wi: *!ao #; Aasax: deʔ-ok
77,mouth,branch_african,Proto-Sapiens Africanus (Праафриканский),*xʼam,xʼam,0.98,"Reconstructed stem *xʼam with initial labial/dental stop, open vowel, and preserved root structure.",Proto-Kalahari Khoe: *xʼam; Proto-Khoekhoe: *xʼam-; Proto North Khoisan: *cʼí; Proto-!Wi: *ǂu,Proto-Kalahari Khoe: *xʼam; Proto-Khoekhoe: *xʼam-; Proto North Khoisan: *cʼí; Proto-!Wi: *ǂu; Aasax: af-ok
78,neck,branch_african,Proto-Sapiens Africanus (Праафриканский),*!xʼao,!xʼao,0.98,"Reconstructed stem *!xʼao with initial labial/dental stop, open vowel, and preserved root structure.",Proto-Kalahari Khoe: *!xʼao; Proto-Khoekhoe: *!xʼao-; Proto North Khoisan: *àŋi; Proto-!Wi: *ǂqu,Proto-Kalahari Khoe: *!xʼao; Proto-Khoekhoe: *!xʼao-; Proto North Khoisan: *àŋi; Proto-!Wi: *ǂqu; Aasax: mirut
79,nose,branch_african,Proto-Sapiens Africanus (Праафриканский),*ǂui,ǂui,0.98,"Reconstructed stem *ǂui with initial labial/dental stop, open vowel, and preserved root structure.",Proto-Kalahari Khoe: *ǂui; Proto-Khoekhoe: *ǂui-; Proto North Khoisan: *ckxú; Proto-!Wi: *u,Proto-Kalahari Khoe: *ǂui; Proto-Khoekhoe: *ǂui-; Proto North Khoisan: *ckxú; Proto-!Wi: *u; Aasax: iriŋa
80,not,branch_african,Proto-Sapiens Africanus (Праафриканский),*=tama,=tama,0.98,"Reconstructed stem *=tama with initial labial/dental stop, open vowel, and preserved root structure.",Proto-Kalahari Khoe: *=tama; Proto-Khoekhoe: *tama; Proto North Khoisan: *ǀōā; Proto-!Wi: *ǁ- #,Proto-Kalahari Khoe: *=tama; Proto-Khoekhoe: *tama; Proto North Khoisan: *ǀōā; Proto-!Wi: *ǁ- #; Nayi [noz]: =ōā; =kāy
81,person,branch_african,Proto-Sapiens Africanus (Праафриканский),*kʰoe,kʰoe,0.98,"Reconstructed stem *kʰoe with initial labial/dental stop, open vowel, and preserved root structure.",Proto-Kalahari Khoe: *kʰoe; Proto-Khoekhoe: *kʰoe-; Proto North Khoisan: *ǯù; Proto-!Wi: *!u-(i),Proto-Kalahari Khoe: *kʰoe; Proto-Khoekhoe: *kʰoe-; Proto North Khoisan: *ǯù; Proto-!Wi: *!u-(i); Aasax: ʔidu-k
82,road,branch_african,Proto-Sapiens Africanus (Праафриканский),*dao,dao,0.98,"Reconstructed stem *dao with initial labial/dental stop, open vowel, and preserved root structure.",Proto-Kalahari Khoe: *dao; Proto-Khoekhoe: *dao-; Proto North Khoisan: *ǂʰà; Proto-!Wi: *!an,Proto-Kalahari Khoe: *dao; Proto-Khoekhoe: *dao-; Proto North Khoisan: *ǂʰà; Proto-!Wi: *!an; Aasax: šimu-t
83,root,branch_african,Proto-Sapiens Africanus (Праафриканский),*toˤbe,toˤbe,0.98,"Reconstructed stem *toˤbe with initial labial/dental stop, open vowel, and preserved root structure.",Proto-Kalahari Khoe: *toˤbe #; Proto-Khoekhoe: *oma-; Proto North Khoisan: *ani #,Proto-Kalahari Khoe: *toˤbe #; Proto-Khoekhoe: *oma-; Proto North Khoisan: *ani #; Aasax: mogeŋera; Nayi [noz]: zıga ~ zıgas
84,round,branch_african,Proto-Sapiens Africanus (Праафриканский),*gɐrti,gɐrti,0.88,"Reconstructed stem *gɐrti with initial labial/dental stop, open vowel, and preserved root structure.",Nayi [noz]: gɐrdi,Nayi [noz]: gɐrdi; Caning [shj]: turuʔus; Nyala [daj]: kleŋ; Hmong Njua [hnj]: qʰeŋ5 ~ kʰeŋ5; Kashaya [kju]: poloːlo
85,sand,branch_african,Proto-Sapiens Africanus (Праафриканский),*xom,xom,0.98,"Reconstructed stem *xom with initial labial/dental stop, open vowel, and preserved root structure.",Proto-Kalahari Khoe: *xom; Proto-Khoekhoe: *ǁxae- #; Proto North Khoisan: *kxà; Proto-!Wi: *!ʼãũ ~ *!qʼãũ,Proto-Kalahari Khoe: *xom; Proto-Khoekhoe: *ǁxae- #; Proto North Khoisan: *kxà; Proto-!Wi: *!ʼãũ ~ *!qʼãũ; Aasax: haǯa-t
86,say,branch_african,Proto-Sapiens Africanus (Праафриканский),*mĩ,mĩ,0.98,"Reconstructed stem *mĩ with initial labial/dental stop, open vowel, and preserved root structure.",Proto-Kalahari Khoe: *mĩ; Proto-Khoekhoe: *mĩ; Proto North Khoisan: *kò; Proto-!Wi: *ka ~ *ku,Proto-Kalahari Khoe: *mĩ; Proto-Khoekhoe: *mĩ; Proto North Khoisan: *kò; Proto-!Wi: *ka ~ *ku; Aasax: šah-
87,seed,branch_african,Proto-Sapiens Africanus (Праафриканский),*ǀxuri,ǀxuri,0.98,"Reconstructed stem *ǀxuri with initial labial/dental stop, open vowel, and preserved root structure.",Proto-Kalahari Khoe: *ǀxuri; Proto-Khoekhoe: *!xum-; Proto North Khoisan: *!ó; Proto-!Wi: *a ~ *i,Proto-Kalahari Khoe: *ǀxuri; Proto-Khoekhoe: *!xum-; Proto North Khoisan: *!ó; Proto-!Wi: *a ~ *i; Aasax: ʔadam-
88,skin,branch_african,Proto-Sapiens Africanus (Праафриканский),*kʰo,kʰo,0.98,"Reconstructed stem *kʰo with initial labial/dental stop, open vowel, and preserved root structure.",Proto-Kalahari Khoe: *kʰo; Proto-Khoekhoe: *kʰo-; Proto North Khoisan: *ō; Proto-!Wi: *tuŋ,Proto-Kalahari Khoe: *kʰo; Proto-Khoekhoe: *kʰo-; Proto North Khoisan: *ō; Proto-!Wi: *tuŋ; Nayi [noz]: fat-u #
89,sleep,branch_african,Proto-Sapiens Africanus (Праафриканский),*ǁʼom,ǁʼom,0.98,"Reconstructed stem *ǁʼom with initial labial/dental stop, open vowel, and preserved root structure.",Proto-Kalahari Khoe: *ǁʼom; Proto-Khoekhoe: *ǁʼum; Proto North Khoisan: *cʼā; Proto-!Wi: *ʘu- ~ *ʘi-,Proto-Kalahari Khoe: *ǁʼom; Proto-Khoekhoe: *ǁʼum; Proto North Khoisan: *cʼā; Proto-!Wi: *ʘu- ~ *ʘi-; Aasax: raʔ #
90,small,branch_african,Proto-Sapiens Africanus (Праафриканский),*ǀxʼare,ǀxʼare,0.98,"Reconstructed stem *ǀxʼare with initial labial/dental stop, open vowel, and preserved root structure.",Proto-Kalahari Khoe: *ǀxʼare; Proto-Khoekhoe: *ǀa; Proto North Khoisan: *cʼe ~ *cʼe-mà; Proto-!Wi: *ǂʼeni,Proto-Kalahari Khoe: *ǀxʼare; Proto-Khoekhoe: *ǀa; Proto North Khoisan: *cʼe ~ *cʼe-mà; Proto-!Wi: *ǂʼeni; Aasax: ʔara
91,smoke,branch_african,Proto-Sapiens Africanus (Праафриканский),*cʼani,cʼani,0.98,"Reconstructed stem *cʼani with initial labial/dental stop, open vowel, and preserved root structure.",Proto-Kalahari Khoe: *cʼani; Proto-Khoekhoe: *ǀxʼan-; Proto North Khoisan: *šórè ~ *šórà; Proto-!Wi: *ǁoˤ,Proto-Kalahari Khoe: *cʼani; Proto-Khoekhoe: *ǀxʼan-; Proto North Khoisan: *šórè ~ *šórà; Proto-!Wi: *ǁoˤ; Aasax: toʔusay-ok
92,snake,branch_african,Proto-Sapiens Africanus (Праафриканский),*ǀxʼao,ǀxʼao,0.98,"Reconstructed stem *ǀxʼao with initial labial/dental stop, open vowel, and preserved root structure.",Proto-Kalahari Khoe: *ǀxʼao; Proto-Khoekhoe: *ǀxʼao-; Proto North Khoisan: *ǂʼgà ~ *ǂʼwà; Proto-!Wi: *ǀxʼa-,Proto-Kalahari Khoe: *ǀxʼao; Proto-Khoekhoe: *ǀxʼao-; Proto North Khoisan: *ǂʼgà ~ *ǂʼwà; Proto-!Wi: *ǀxʼa-; Nayi [noz]: šoš #
93,swim,branch_african,Proto-Sapiens Africanus (Праафриканский),*bara,bara,0.98,"Reconstructed stem *bara with initial labial/dental stop, open vowel, and preserved root structure.",Proto-Kalahari Khoe: *bara; Proto-Khoekhoe: *tʰã; Proto North Khoisan: *dȍ ~ *dȕ; Proto-!Wi: *ŋ,Proto-Kalahari Khoe: *bara; Proto-Khoekhoe: *tʰã; Proto North Khoisan: *dȍ ~ *dȕ; Proto-!Wi: *ŋ; Nayi [noz]: wok-n #
94,tail,branch_african,Proto-Sapiens Africanus (Праафриканский),*cao,cao,0.98,"Reconstructed stem *cao with initial labial/dental stop, open vowel, and preserved root structure.",Proto-Kalahari Khoe: *cao; Proto-Khoekhoe: *sao-; Proto North Khoisan: *xōē; Proto-!Wi: *ǀa- #,Proto-Kalahari Khoe: *cao; Proto-Khoekhoe: *sao-; Proto North Khoisan: *xōē; Proto-!Wi: *ǀa- #; Aasax: hesa
95,that,branch_african,Proto-Sapiens Africanus (Праафриканский),*a-,a-,0.98,"Reconstructed stem *a- with initial labial/dental stop, open vowel, and preserved root structure.",Proto-Kalahari Khoe: *a- #; Proto-Khoekhoe: a-; Proto North Khoisan: *toʔà ~ *ndoʔà,Proto-Kalahari Khoe: *a- #; Proto-Khoekhoe: a-; Proto North Khoisan: *toʔà ~ *ndoʔà; Nayi [noz]: nē-; Chara [cra]: sˈekn ~ sˈekɐn
96,this,branch_african,Proto-Sapiens Africanus (Праафриканский),*e,e,0.98,"Reconstructed stem *e with initial labial/dental stop, open vowel, and preserved root structure.",Proto-Kalahari Khoe: *e; Proto-Khoekhoe: *ne #; Proto North Khoisan: *ŋ; Proto-!Wi: *a,Proto-Kalahari Khoe: *e; Proto-Khoekhoe: *ne #; Proto North Khoisan: *ŋ; Proto-!Wi: *a; Nayi [noz]: hāː-
97,walk / go,branch_african,Proto-Sapiens Africanus (Праафриканский),*!ũ,!ũ,0.98,"Reconstructed stem *!ũ with initial labial/dental stop, open vowel, and preserved root structure.",Proto-Kalahari Khoe: *!ũ; Proto-Khoekhoe: *!ũ; Proto North Khoisan: *ú; Proto-!Wi: *ǁʼa-,Proto-Kalahari Khoe: *!ũ; Proto-Khoekhoe: *!ũ; Proto North Khoisan: *ú; Proto-!Wi: *ǁʼa-; Nayi [noz]: teː
98,warm / hot,branch_african,Proto-Sapiens Africanus (Праафриканский),*kʰúí,kʰúí,0.98,"Reconstructed stem *kʰúí with initial labial/dental stop, open vowel, and preserved root structure.",Proto North Khoisan: *kʰúí,Proto North Khoisan: *kʰúí; Aasax: hareta; Nayi [noz]: kʼec-ua; Chara [cra]: kʼesʼ; kʼtsʼɐb; Dorze [doz]: hoʔo
99,woman,branch_african,Proto-Sapiens Africanus (Праафриканский),*ae,ae,0.98,"Reconstructed stem *ae with initial labial/dental stop, open vowel, and preserved root structure.",Proto-Kalahari Khoe: *ae; Proto-Khoekhoe: *tara-; Proto North Khoisan: *ʒʰau; Proto-!Wi: *ǀʼa- ~ *ǀa-,Proto-Kalahari Khoe: *ae; Proto-Khoekhoe: *tara-; Proto North Khoisan: *ʒʰau; Proto-!Wi: *ǀʼa- ~ *ǀa-; Aasax: mayi-to
100,yellow,branch_african,Proto-Sapiens Africanus (Праафриканский),*ǀȁŋu,ǀȁŋu,0.98,"Reconstructed stem *ǀȁŋu with initial labial/dental stop, open vowel, and preserved root structure.",Proto North Khoisan: *ǀȁŋu,Proto North Khoisan: *ǀȁŋu; Nayi [noz]: turgi; Chara [cra]: tˈočʼɐr-a; Caning [shj]: buʔbbəx; Lagowa [daj]: pušša
101,far,branch_african,Proto-Sapiens Africanus (Праафриканский),*u,u,0.98,"Reconstructed stem *u with initial labial/dental stop, open vowel, and preserved root structure.",Proto-Kalahari Khoe: *u; Proto-Khoekhoe: *u; Proto North Khoisan: *ǂx; Proto-!Wi: *ǁoe ~ *ǁõẽ #,Proto-Kalahari Khoe: *u; Proto-Khoekhoe: *u; Proto North Khoisan: *ǂx; Proto-!Wi: *ǁoe ~ *ǁõẽ #; Aasax: saŋa
102,heavy,branch_african,Proto-Sapiens Africanus (Праафриканский),*!om,!om,0.98,"Reconstructed stem *!om with initial labial/dental stop, open vowel, and preserved root structure.",Proto-Kalahari Khoe: *!om; Proto-Khoekhoe: *!um; Proto North Khoisan: *tȉʰ,Proto-Kalahari Khoe: *!om; Proto-Khoekhoe: *!um; Proto North Khoisan: *tȉʰ; Aasax: daʔara; Chara [cra]: baːy-ˈa
103,near,branch_african,Proto-Sapiens Africanus (Праафриканский),*ǀu,ǀu,0.98,"Reconstructed stem *ǀu with initial labial/dental stop, open vowel, and preserved root structure.",Proto-Kalahari Khoe: *ǀu; Proto-Khoekhoe: *ǀu; Proto North Khoisan: *toʔm; Proto-!Wi: *u-,Proto-Kalahari Khoe: *ǀu; Proto-Khoekhoe: *ǀu; Proto North Khoisan: *toʔm; Proto-!Wi: *u-; Aasax: yatara
104,salt,branch_african,Proto-Sapiens Africanus (Праафриканский),*doˤbe,doˤbe,0.98,"Reconstructed stem *doˤbe with initial labial/dental stop, open vowel, and preserved root structure.",Proto-Kalahari Khoe: *doˤbe; Proto-Khoekhoe: *ǂxʼo-; Proto North Khoisan: *gúí,Proto-Kalahari Khoe: *doˤbe; Proto-Khoekhoe: *ǂxʼo-; Proto North Khoisan: *gúí; Chara [cra]: ʓeːg-ˈa; Dorze [doz]: maθine
105,short,branch_african,Proto-Sapiens Africanus (Праафриканский),*ǁom,ǁom,0.98,"Reconstructed stem *ǁom with initial labial/dental stop, open vowel, and preserved root structure.",Proto-Kalahari Khoe: *ǁom; Proto-Khoekhoe: *ubu; Proto North Khoisan: *!ò ~ *!ò-mà; Proto-!Wi: *ǂqoe(-ŋ),Proto-Kalahari Khoe: *ǁom; Proto-Khoekhoe: *ubu; Proto North Khoisan: *!ò ~ *!ò-mà; Proto-!Wi: *ǂqoe(-ŋ); Aasax: ʔumara
106,thin,branch_african,Proto-Sapiens Africanus (Праафриканский),*ti,ti,0.98,"Reconstructed stem *ti with initial labial/dental stop, open vowel, and preserved root structure.",Proto-Kalahari Khoe: *ti; Proto-Khoekhoe: *ti-; Proto North Khoisan: *ǯm; Proto-!Wi: *ŋ,Proto-Kalahari Khoe: *ti; Proto-Khoekhoe: *ti-; Proto North Khoisan: *ǯm; Proto-!Wi: *ŋ; Nayi [noz]: nà
107,wind,branch_african,Proto-Sapiens Africanus (Праафриканский),*ǂʼã,ǂʼã,0.98,"Reconstructed stem *ǂʼã with initial labial/dental stop, open vowel, and preserved root structure.",Proto-Kalahari Khoe: *ǂʼã; Proto-Khoekhoe: *ǂʼoa-; Proto North Khoisan: *ǂʼa; Proto-!Wi: *ǂqʰoe,Proto-Kalahari Khoe: *ǂʼã; Proto-Khoekhoe: *ǂʼoa-; Proto North Khoisan: *ǂʼa; Proto-!Wi: *ǂqʰoe; Aasax: šoʔ-ok
108,worm,branch_african,Proto-Sapiens Africanus (Праафриканский),*ǂxʼoni-,ǂxʼoni-,0.98,"Reconstructed stem *ǂxʼoni- with initial labial/dental stop, open vowel, and preserved root structure.",Proto-Khoekhoe: *ǂxʼoni-,Proto-Khoekhoe: *ǂxʼoni-; Chara [cra]: dˈunkʼ-a; Dorze [doz]: guʈuns; Caning [shj]: ox ~ oːx-iɕ; Lagowa [daj]: uh-uɕe
109,year,branch_african,Proto-Sapiens Africanus (Праафриканский),*kuri,kuri,0.98,"Reconstructed stem *kuri with initial labial/dental stop, open vowel, and preserved root structure.",Proto-Kalahari Khoe: *kuri; Proto-Khoekhoe: *kuri-; Proto North Khoisan: *kuri #; Proto-!Wi: *u-,Proto-Kalahari Khoe: *kuri; Proto-Khoekhoe: *kuri-; Proto North Khoisan: *kuri #; Proto-!Wi: *u-; Aasax: yatara
110,brother,branch_eurasian,Proto-Sapiens Eurasiaticus (Праевразийский / Борейский),*bVr- / pVr-,bVr- / pVr-,0.98,"Reconstructed stem *bVr- / pVr- with initial labial/dental stop, open vowel, and preserved root structure.",Борейский праязык / Proto-Borean: *bVr- / *pVr-; Ностратический праязык / Proto-Nostratic: *b/pVr- (старший родственник); Сино-кавказский праязык / Proto-Sino-Caucasian: *wVrV; Прасино-тибетский / Proto-Sino-Tibetan: *k-ray / *t-say,Борейский праязык / Proto-Borean: *bVr- / *pVr-; Ностратический праязык / Proto-Nostratic: *b/pVr- (старший родственник); Сино-кавказский праязык / Proto-Sino-Caucasian: *wVrV; Прасино-тибетский / Proto-Sino-Tibetan: *k-ray / *t-say; Праиндоевропейский / Proto-Indo-European: *bʰréh₂tēr
111,sister,branch_eurasian,Proto-Sapiens Eurasiaticus (Праевразийский / Борейский),*swVr-,swVr-,0.98,"Reconstructed stem *swVr- with initial labial/dental stop, open vowel, and preserved root structure.",Борейский праязык / Proto-Borean: *swVr-; Ностратический праязык / Proto-Nostratic: *säyV; Сино-кавказский праязык / Proto-Sino-Caucasian: *s-m-r; Прасино-тибетский / Proto-Sino-Tibetan: *s-meːlʔ,Борейский праязык / Proto-Borean: *swVr-; Ностратический праязык / Proto-Nostratic: *säyV; Сино-кавказский праязык / Proto-Sino-Caucasian: *s-m-r; Прасино-тибетский / Proto-Sino-Tibetan: *s-meːlʔ; Праиндоевропейский / Proto-Indo-European: *swésōr
112,father,branch_eurasian,Proto-Sapiens Eurasiaticus (Праевразийский / Борейский),*pAʔV,pAʔV,0.98,"Reconstructed stem *pAʔV with initial labial/dental stop, open vowel, and preserved root structure.",Борейский праязык / Proto-Borean: *pAʔV; Ностратический праязык / Proto-Nostratic: *ʔapV; Сино-кавказский праязык / Proto-Sino-Caucasian: *tātV / *ʔaba; Прасино-тибетский / Proto-Sino-Tibetan: *pa / *ba,Борейский праязык / Proto-Borean: *pAʔV; Ностратический праязык / Proto-Nostratic: *ʔapV; Сино-кавказский праязык / Proto-Sino-Caucasian: *tātV / *ʔaba; Прасино-тибетский / Proto-Sino-Tibetan: *pa / *ba; Праиндоевропейский / Proto-Indo-European: *ph₂tḗr
113,mother,branch_eurasian,Proto-Sapiens Eurasiaticus (Праевразийский / Борейский),*mVr- / mAjV,mVr- / mAjV,0.98,"Reconstructed stem *mVr- / mAjV with initial labial/dental stop, open vowel, and preserved root structure.",Борейский праязык / Proto-Borean: *mVr- / *mAjV; Ностратический праязык / Proto-Nostratic: *mAjV / *ʔemV; Сино-кавказский праязык / Proto-Sino-Caucasian: *ʔanV / *mā; Прасино-тибетский / Proto-Sino-Tibetan: *mow / *ʔam,Борейский праязык / Proto-Borean: *mVr- / *mAjV; Ностратический праязык / Proto-Nostratic: *mAjV / *ʔemV; Сино-кавказский праязык / Proto-Sino-Caucasian: *ʔanV / *mā; Прасино-тибетский / Proto-Sino-Tibetan: *mow / *ʔam; Праиндоевропейский / Proto-Indo-European: *méh₂tēr
114,water,branch_eurasian,Proto-Sapiens Eurasiaticus (Праевразийский / Борейский),*wAtV,wAtV,0.98,"Reconstructed stem *wAtV with initial labial/dental stop, open vowel, and preserved root structure.",Борейский праязык / Proto-Borean: *wAtV; Ностратический праязык / Proto-Nostratic: *wetV; Сино-кавказский праязык / Proto-Sino-Caucasian: *[t]sʔ[e]r; Прасино-тибетский / Proto-Sino-Tibetan: *tuy / *l-way,Борейский праязык / Proto-Borean: *wAtV; Ностратический праязык / Proto-Nostratic: *wetV; Сино-кавказский праязык / Proto-Sino-Caucasian: *[t]sʔ[e]r; Прасино-тибетский / Proto-Sino-Tibetan: *tuy / *l-way; Праиндоевропейский / Proto-Indo-European: *wódr̥ / *h₂ep-
115,fire,branch_eurasian,Proto-Sapiens Eurasiaticus (Праевразийский / Борейский),*ʔotV,ʔotV,0.98,"Reconstructed stem *ʔotV with initial labial/dental stop, open vowel, and preserved root structure.",Борейский праязык / Proto-Borean: *ʔotV; Ностратический праязык / Proto-Nostratic: *ʔotV; Сино-кавказский праязык / Proto-Sino-Caucasian: *c̣ʔāy / *tōk; Прасино-тибетский / Proto-Sino-Tibetan: *mey,Борейский праязык / Proto-Borean: *ʔotV; Ностратический праязык / Proto-Nostratic: *ʔotV; Сино-кавказский праязык / Proto-Sino-Caucasian: *c̣ʔāy / *tōk; Прасино-тибетский / Proto-Sino-Tibetan: *mey; Праиндоевропейский / Proto-Indo-European: *páh₂wr̥ / *h₁n̥gʷnís
116,sun,branch_eurasian,Proto-Sapiens Eurasiaticus (Праевразийский / Борейский),*ḳUnV,ḳUnV,0.98,"Reconstructed stem *ḳUnV with initial labial/dental stop, open vowel, and preserved root structure.",Борейский праязык / Proto-Borean: *ḳUnV; Ностратический праязык / Proto-Nostratic: *ḳUnV; Сино-кавказский праязык / Proto-Sino-Caucasian: *bVrV; Прасино-тибетский / Proto-Sino-Tibetan: *nəy,Борейский праязык / Proto-Borean: *ḳUnV; Ностратический праязык / Proto-Nostratic: *ḳUnV; Сино-кавказский праязык / Proto-Sino-Caucasian: *bVrV; Прасино-тибетский / Proto-Sino-Tibetan: *nəy; Праиндоевропейский / Proto-Indo-European: *sóh₂wl̥
117,moon,branch_eurasian,Proto-Sapiens Eurasiaticus (Праевразийский / Борейский),*s-la,s-la,0.98,"Reconstructed stem *s-la with initial labial/dental stop, open vowel, and preserved root structure.",Прасино-тибетский / Proto-Sino-Tibetan: *s-la; Праиндоевропейский / Proto-Indo-European: *mḗh₁n̥s; Прауральский / Proto-Uralic: *kuŋe; Proto-Lezgian: *wacː,Прасино-тибетский / Proto-Sino-Tibetan: *s-la; Праиндоевропейский / Proto-Indo-European: *mḗh₁n̥s; Прауральский / Proto-Uralic: *kuŋe; Proto-Lezgian: *wacː; Proto-Nakh: *butt
118,star,branch_eurasian,Proto-Sapiens Eurasiaticus (Праевразийский / Борейский),*s-tʰeːŋ,s-tʰeːŋ,0.98,"Reconstructed stem *s-tʰeːŋ with initial labial/dental stop, open vowel, and preserved root structure.",Прасино-тибетский / Proto-Sino-Tibetan: *s-tʰeːŋ; Праиндоевропейский / Proto-Indo-European: *h₂stḗr; Прауральский / Proto-Uralic: *tähti; Proto-Lezgian: *ːˤanːa ~ *ːˤanː,Прасино-тибетский / Proto-Sino-Tibetan: *s-tʰeːŋ; Праиндоевропейский / Proto-Indo-European: *h₂stḗr; Прауральский / Proto-Uralic: *tähti; Proto-Lezgian: *ːˤanːa ~ *ːˤanː; Proto-Nakh: *tʼʡari #
119,eye,branch_eurasian,Proto-Sapiens Eurasiaticus (Праевразийский / Борейский),*hVkV,hVkV,0.98,"Reconstructed stem *hVkV with initial labial/dental stop, open vowel, and preserved root structure.",Борейский праязык / Proto-Borean: *hVkV; Ностратический праязык / Proto-Nostratic: *ʔakʷV; Сино-кавказский праязык / Proto-Sino-Caucasian: *HwilV; Прасино-тибетский / Proto-Sino-Tibetan: *m-yak,Борейский праязык / Proto-Borean: *hVkV; Ностратический праязык / Proto-Nostratic: *ʔakʷV; Сино-кавказский праязык / Proto-Sino-Caucasian: *HwilV; Прасино-тибетский / Proto-Sino-Tibetan: *m-yak; Праиндоевропейский / Proto-Indo-European: *h₃ókʷs
120,ear,branch_eurasian,Proto-Sapiens Eurasiaticus (Праевразийский / Борейский),*ḳowV,ḳowV,0.98,"Reconstructed stem *ḳowV with initial labial/dental stop, open vowel, and preserved root structure.",Ностратический праязык / Proto-Nostratic: *ḳo[w]V; Сино-кавказский праязык / Proto-Sino-Caucasian: *leHwV; Прасино-тибетский / Proto-Sino-Tibetan: *r-na; Праиндоевропейский / Proto-Indo-European: *h₂ṓws,Ностратический праязык / Proto-Nostratic: *ḳo[w]V; Сино-кавказский праязык / Proto-Sino-Caucasian: *leHwV; Прасино-тибетский / Proto-Sino-Tibetan: *r-na; Праиндоевропейский / Proto-Indo-European: *h₂ṓws; Прауральский / Proto-Uralic: *kewli
121,tooth,branch_eurasian,Proto-Sapiens Eurasiaticus (Праевразийский / Борейский),*taŋV,taŋV,0.98,"Reconstructed stem *taŋV with initial labial/dental stop, open vowel, and preserved root structure.",Ностратический праязык / Proto-Nostratic: *t[a]ŋV; Сино-кавказский праязык / Proto-Sino-Caucasian: *cw[i]lV; Прасино-тибетский / Proto-Sino-Tibetan: *p-wa / *s-wa; Праиндоевропейский / Proto-Indo-European: *h₃dónts,Ностратический праязык / Proto-Nostratic: *t[a]ŋV; Сино-кавказский праязык / Proto-Sino-Caucasian: *cw[i]lV; Прасино-тибетский / Proto-Sino-Tibetan: *p-wa / *s-wa; Праиндоевропейский / Proto-Indo-European: *h₃dónts; Прауральский / Proto-Uralic: *piŋi
122,tongue,branch_eurasian,Proto-Sapiens Eurasiaticus (Праевразийский / Борейский),*kelwV,kelwV,0.98,"Reconstructed stem *kelwV with initial labial/dental stop, open vowel, and preserved root structure.",Ностратический праязык / Proto-Nostratic: *kelwV; Сино-кавказский праязык / Proto-Sino-Caucasian: *mētsV; Прасино-тибетский / Proto-Sino-Tibetan: *m-lay; Праиндоевропейский / Proto-Indo-European: *dn̥ǵʰwéh₂s,Ностратический праязык / Proto-Nostratic: *kelwV; Сино-кавказский праязык / Proto-Sino-Caucasian: *mētsV; Прасино-тибетский / Proto-Sino-Tibetan: *m-lay; Праиндоевропейский / Proto-Indo-European: *dn̥ǵʰwéh₂s; Прауральский / Proto-Uralic: *kēli
123,hand,branch_eurasian,Proto-Sapiens Eurasiaticus (Праевразийский / Борейский),*kAtV,kAtV,0.98,"Reconstructed stem *kAtV with initial labial/dental stop, open vowel, and preserved root structure.",Борейский праязык / Proto-Borean: *kAtV; Ностратический праязык / Proto-Nostratic: *kätV; Прасино-тибетский / Proto-Sino-Tibetan: *k-lak; Праиндоевропейский / Proto-Indo-European: *ǵʰésr̥,Борейский праязык / Proto-Borean: *kAtV; Ностратический праязык / Proto-Nostratic: *kätV; Прасино-тибетский / Proto-Sino-Tibetan: *k-lak; Праиндоевропейский / Proto-Indo-European: *ǵʰésr̥; Прауральский / Proto-Uralic: *käti
124,foot,branch_eurasian,Proto-Sapiens Eurasiaticus (Праевразийский / Борейский),*patV,patV,0.98,"Reconstructed stem *patV with initial labial/dental stop, open vowel, and preserved root structure.",Ностратический праязык / Proto-Nostratic: *p[a]dV; Прасино-тибетский / Proto-Sino-Tibetan: *k-riŋ; Праиндоевропейский / Proto-Indo-European: *pṓds; Прауральский / Proto-Uralic: *jalka,Ностратический праязык / Proto-Nostratic: *p[a]dV; Прасино-тибетский / Proto-Sino-Tibetan: *k-riŋ; Праиндоевропейский / Proto-Indo-European: *pṓds; Прауральский / Proto-Uralic: *jalka; Proto-Lezgian: *qːel
125,head,branch_eurasian,Proto-Sapiens Eurasiaticus (Праевразийский / Борейский),*káp-ut-,káp-ut-,0.98,"Reconstructed stem *káp-ut- with initial labial/dental stop, open vowel, and preserved root structure.",Праиндоевропейский / Proto-Indo-European: *káp-ut-; Прауральский / Proto-Uralic: *ojwa; Proto-Lezgian: *woƛʼul; Proto-Nakh: *korta,Праиндоевропейский / Proto-Indo-European: *káp-ut-; Прауральский / Proto-Uralic: *ojwa; Proto-Lezgian: *woƛʼul; Proto-Nakh: *korta; Proto-Yeniseian: *cɨʔɢe
126,heart,branch_eurasian,Proto-Sapiens Eurasiaticus (Праевразийский / Борейский),*ḳVrV,ḳVrV,0.98,"Reconstructed stem *ḳVrV with initial labial/dental stop, open vowel, and preserved root structure.",Борейский праязык / Proto-Borean: *ḳVrV; Ностратический праязык / Proto-Nostratic: *ḳerdV; Сино-кавказский праязык / Proto-Sino-Caucasian: *rīḳV; Прасино-тибетский / Proto-Sino-Tibetan: *s-niŋ,Борейский праязык / Proto-Borean: *ḳVrV; Ностратический праязык / Proto-Nostratic: *ḳerdV; Сино-кавказский праязык / Proto-Sino-Caucasian: *rīḳV; Прасино-тибетский / Proto-Sino-Tibetan: *s-niŋ; Праиндоевропейский / Proto-Indo-European: *ḱērd
127,blood,branch_eurasian,Proto-Sapiens Eurasiaticus (Праевразийский / Борейский),*s-hywy,s-hywy,0.98,"Reconstructed stem *s-hywy with initial labial/dental stop, open vowel, and preserved root structure.",Прасино-тибетский / Proto-Sino-Tibetan: *s-hywy; Праиндоевропейский / Proto-Indo-European: *ésh₂r̥ / *krúh₂s; Прауральский / Proto-Uralic: *weri; Proto-Lezgian: *ʔäʔ,Прасино-тибетский / Proto-Sino-Tibetan: *s-hywy; Праиндоевропейский / Proto-Indo-European: *ésh₂r̥ / *krúh₂s; Прауральский / Proto-Uralic: *weri; Proto-Lezgian: *ʔäʔ; Proto-Nakh: *cʼeːgi
128,bone,branch_eurasian,Proto-Sapiens Eurasiaticus (Праевразийский / Борейский),*rus,rus,0.98,"Reconstructed stem *rus with initial labial/dental stop, open vowel, and preserved root structure.",Прасино-тибетский / Proto-Sino-Tibetan: *rus; Праиндоевропейский / Proto-Indo-European: *h₂óst-; Прауральский / Proto-Uralic: *luwi; Proto-Lezgian: *yirƛʼː,Прасино-тибетский / Proto-Sino-Tibetan: *rus; Праиндоевропейский / Proto-Indo-European: *h₂óst-; Прауральский / Proto-Uralic: *luwi; Proto-Lezgian: *yirƛʼː; Proto-Nakh: *dʡexkʼ
129,one,branch_eurasian,Proto-Sapiens Eurasiaticus (Праевразийский / Борейский),*tikV,tikV,0.98,"Reconstructed stem *tikV with initial labial/dental stop, open vowel, and preserved root structure.",Борейский праязык / Proto-Borean: *tikV; Ностратический праязык / Proto-Nostratic: *ʔoynV; Сино-кавказский праязык / Proto-Sino-Caucasian: *sV / *c̣[i]k; Прасино-тибетский / Proto-Sino-Tibetan: *kat / *t(y)ik,Борейский праязык / Proto-Borean: *tikV; Ностратический праязык / Proto-Nostratic: *ʔoynV; Сино-кавказский праязык / Proto-Sino-Caucasian: *sV / *c̣[i]k; Прасино-тибетский / Proto-Sino-Tibetan: *kat / *t(y)ik; Праиндоевропейский / Proto-Indo-European: *óynos / *sem-
130,two,branch_eurasian,Proto-Sapiens Eurasiaticus (Праевразийский / Борейский),*tVpV,tVpV,0.98,"Reconstructed stem *tVpV with initial labial/dental stop, open vowel, and preserved root structure.",Борейский праязык / Proto-Borean: *tVpV; Ностратический праязык / Proto-Nostratic: *tVwV; Сино-кавказский праязык / Proto-Sino-Caucasian: *tqʷV / *kVk; Прасино-тибетский / Proto-Sino-Tibetan: *g-nis,Борейский праязык / Proto-Borean: *tVpV; Ностратический праязык / Proto-Nostratic: *tVwV; Сино-кавказский праязык / Proto-Sino-Caucasian: *tqʷV / *kVk; Прасино-тибетский / Proto-Sino-Tibetan: *g-nis; Праиндоевропейский / Proto-Indo-European: *dwóh₁
131,who,branch_eurasian,Proto-Sapiens Eurasiaticus (Праевразийский / Борейский),*mi,mi,0.98,"Reconstructed stem *mi with initial labial/dental stop, open vowel, and preserved root structure.",Борейский праязык / Proto-Borean: *mi; Ностратический праязык / Proto-Nostratic: *kʷi / *mi; Прасино-тибетский / Proto-Sino-Tibetan: *su; Праиндоевропейский / Proto-Indo-European: *kʷis,Борейский праязык / Proto-Borean: *mi; Ностратический праязык / Proto-Nostratic: *kʷi / *mi; Прасино-тибетский / Proto-Sino-Tibetan: *su; Праиндоевропейский / Proto-Indo-European: *kʷis; Прауральский / Proto-Uralic: *ke / *ki
132,what,branch_eurasian,Proto-Sapiens Eurasiaticus (Праевразийский / Борейский),*ma,ma,0.98,"Reconstructed stem *ma with initial labial/dental stop, open vowel, and preserved root structure.",Борейский праязык / Proto-Borean: *ma; Ностратический праязык / Proto-Nostratic: *ma; Прасино-тибетский / Proto-Sino-Tibetan: *ma; Праиндоевропейский / Proto-Indo-European: *kʷid,Борейский праязык / Proto-Borean: *ma; Ностратический праязык / Proto-Nostratic: *ma; Прасино-тибетский / Proto-Sino-Tibetan: *ma; Праиндоевропейский / Proto-Indo-European: *kʷid; Прауральский / Proto-Uralic: *mi
133,thou,branch_eurasian,Proto-Sapiens Eurasiaticus (Праевразийский / Борейский),*tV,tV,0.98,"Reconstructed stem *tV with initial labial/dental stop, open vowel, and preserved root structure.",Борейский праязык / Proto-Borean: *tV; Ностратический праязык / Proto-Nostratic: *tV; Сино-кавказский праязык / Proto-Sino-Caucasian: *u / *kʷV; Прасино-тибетский / Proto-Sino-Tibetan: *naŋ,Борейский праязык / Proto-Borean: *tV; Ностратический праязык / Proto-Nostratic: *tV; Сино-кавказский праязык / Proto-Sino-Caucasian: *u / *kʷV; Прасино-тибетский / Proto-Sino-Tibetan: *naŋ; Праиндоевропейский / Proto-Indo-European: *túh₂
134,we,branch_eurasian,Proto-Sapiens Eurasiaticus (Праевразийский / Борейский),*mV,mV,0.98,"Reconstructed stem *mV with initial labial/dental stop, open vowel, and preserved root structure.",Борейский праязык / Proto-Borean: *mV; Ностратический праязык / Proto-Nostratic: *mV / *nV; Сино-кавказский праязык / Proto-Sino-Caucasian: *nV; Прасино-тибетский / Proto-Sino-Tibetan: *ŋa-y,Борейский праязык / Proto-Borean: *mV; Ностратический праязык / Proto-Nostratic: *mV / *nV; Сино-кавказский праязык / Proto-Sino-Caucasian: *nV; Прасино-тибетский / Proto-Sino-Tibetan: *ŋa-y; Праиндоевропейский / Proto-Indo-European: *wéy
135,i,branch_eurasian,Proto-Sapiens Eurasiaticus (Праевразийский / Борейский),*ŋa-y,ŋa-y,0.98,"Reconstructed stem *ŋa-y with initial labial/dental stop, open vowel, and preserved root structure.",Прасино-тибетский / Proto-Sino-Tibetan: *ŋa-y; Праиндоевропейский / Proto-Indo-European: *éǵh₂; Прауральский / Proto-Uralic: *minä; Proto-Lezgian: *pːVhˤV- ~ *hˤVpːV-,Прасино-тибетский / Proto-Sino-Tibetan: *ŋa-y; Праиндоевропейский / Proto-Indo-European: *éǵh₂; Прауральский / Proto-Uralic: *minä; Proto-Lezgian: *pːVhˤV- ~ *hˤVpːV-; Proto-Nakh: *soː
136,die,branch_eurasian,Proto-Sapiens Eurasiaticus (Праевразийский / Борейский),*mürV,mürV,0.98,"Reconstructed stem *mürV with initial labial/dental stop, open vowel, and preserved root structure.",Ностратический праязык / Proto-Nostratic: *mürV; Сино-кавказский праязык / Proto-Sino-Caucasian: *q̇wV; Прасино-тибетский / Proto-Sino-Tibetan: *s-yəy; Праиндоевропейский / Proto-Indo-European: *mer-,Ностратический праязык / Proto-Nostratic: *mürV; Сино-кавказский праязык / Proto-Sino-Caucasian: *q̇wV; Прасино-тибетский / Proto-Sino-Tibetan: *s-yəy; Праиндоевропейский / Proto-Indo-European: *mer-; Прауральский / Proto-Uralic: *kole-
137,come,branch_eurasian,Proto-Sapiens Eurasiaticus (Праевразийский / Борейский),*gʷem-,gʷem-,0.98,"Reconstructed stem *gʷem- with initial labial/dental stop, open vowel, and preserved root structure.",Праиндоевропейский / Proto-Indo-European: *gʷem-; Proto-Lezgian: *ʔiqːʷˤä-; *ʔVʔʷV(r)-; Proto-Nakh: *=aʔ-; Proto-Taa: *si,Праиндоевропейский / Proto-Indo-European: *gʷem-; Proto-Lezgian: *ʔiqːʷˤä-; *ʔVʔʷV(r)-; Proto-Nakh: *=aʔ-; Proto-Taa: *si; Ancient Attic Greek (Plato) [grc]: héːk-oː {ἥκω}; ʌltʰ- {ἐλθ-}
138,eat,branch_eurasian,Proto-Sapiens Eurasiaticus (Праевразийский / Борейский),*h₁et-,h₁et-,0.98,"Reconstructed stem *h₁et- with initial labial/dental stop, open vowel, and preserved root structure.",Праиндоевропейский / Proto-Indo-European: *h₁ed-; Прауральский / Proto-Uralic: *sewi-; Proto-Lezgian: *ʔikʷVn-; Proto-Nakh: *=aqʼ- ~ *=aʔ-,Праиндоевропейский / Proto-Indo-European: *h₁ed-; Прауральский / Proto-Uralic: *sewi-; Proto-Lezgian: *ʔikʷVn-; Proto-Nakh: *=aqʼ- ~ *=aʔ-; Proto-Yeniseian: *siː-
139,drink,branch_eurasian,Proto-Sapiens Eurasiaticus (Праевразийский / Борейский),*póh₃y-,póh₃y-,0.98,"Reconstructed stem *póh₃y- with initial labial/dental stop, open vowel, and preserved root structure.",Праиндоевропейский / Proto-Indo-European: *póh₃y-; Прауральский / Proto-Uralic: *juxi-; Proto-Lezgian: *HVqːVr-; Proto-Nakh: *maɬ-,Праиндоевропейский / Proto-Indo-European: *póh₃y-; Прауральский / Proto-Uralic: *juxi-; Proto-Lezgian: *HVqːVr-; Proto-Nakh: *maɬ-; Proto-Yeniseian: *=op
140,dog,branch_eurasian,Proto-Sapiens Eurasiaticus (Праевразийский / Борейский),*ḳwVn-,ḳwVn-,0.98,"Reconstructed stem *ḳwVn- with initial labial/dental stop, open vowel, and preserved root structure.",Борейский праязык / Proto-Borean: *ḳwVn-; Ностратический праязык / Proto-Nostratic: *ḳüjnV; Сино-кавказский праязык / Proto-Sino-Caucasian: *x̣wVjV; Прасино-тибетский / Proto-Sino-Tibetan: *kʷəy,Борейский праязык / Proto-Borean: *ḳwVn-; Ностратический праязык / Proto-Nostratic: *ḳüjnV; Сино-кавказский праязык / Proto-Sino-Caucasian: *x̣wVjV; Прасино-тибетский / Proto-Sino-Tibetan: *kʷəy; Праиндоевропейский / Proto-Indo-European: *ḱwṓ
141,fish,branch_eurasian,Proto-Sapiens Eurasiaticus (Праевразийский / Борейский),*kälV,kälV,0.98,"Reconstructed stem *kälV with initial labial/dental stop, open vowel, and preserved root structure.",Ностратический праязык / Proto-Nostratic: *kälV; Прасино-тибетский / Proto-Sino-Tibetan: *s-ŋya; Праиндоевропейский / Proto-Indo-European: *dʰǵʰúh₂; Прауральский / Proto-Uralic: *kala,Ностратический праязык / Proto-Nostratic: *kälV; Прасино-тибетский / Proto-Sino-Tibetan: *s-ŋya; Праиндоевропейский / Proto-Indo-European: *dʰǵʰúh₂; Прауральский / Proto-Uralic: *kala; Proto-Lezgian: *ːˤanː
142,tree,branch_eurasian,Proto-Sapiens Eurasiaticus (Праевразийский / Борейский),*tVrV,tVrV,0.98,"Reconstructed stem *tVrV with initial labial/dental stop, open vowel, and preserved root structure.",Борейский праязык / Proto-Borean: *tVrV; Ностратический праязык / Proto-Nostratic: *pVrV; Прасино-тибетский / Proto-Sino-Tibetan: *siŋ; Праиндоевропейский / Proto-Indo-European: *dóru,Борейский праязык / Proto-Borean: *tVrV; Ностратический праязык / Proto-Nostratic: *pVrV; Прасино-тибетский / Proto-Sino-Tibetan: *siŋ; Праиндоевропейский / Proto-Indo-European: *dóru; Прауральский / Proto-Uralic: *puwi
143,stone,branch_eurasian,Proto-Sapiens Eurasiaticus (Праевразийский / Борейский),*ḳaʔwV,ḳaʔwV,0.98,"Reconstructed stem *ḳaʔwV with initial labial/dental stop, open vowel, and preserved root structure.",Борейский праязык / Proto-Borean: *ḳaʔwV; Прасино-тибетский / Proto-Sino-Tibetan: *r-luŋ; Праиндоевропейский / Proto-Indo-European: *h₂éḱmō; Прауральский / Proto-Uralic: *kiwi,Борейский праязык / Proto-Borean: *ḳaʔwV; Прасино-тибетский / Proto-Sino-Tibetan: *r-luŋ; Праиндоевропейский / Proto-Indo-European: *h₂éḱmō; Прауральский / Proto-Uralic: *kiwi; Proto-Lezgian: *qːʷan
144,night,branch_eurasian,Proto-Sapiens Eurasiaticus (Праевразийский / Борейский),*ya / s-ryak,ya / s-ryak,0.98,"Reconstructed stem *ya / s-ryak with initial labial/dental stop, open vowel, and preserved root structure.",Прасино-тибетский / Proto-Sino-Tibetan: *ya / *s-r(y)ak; Праиндоевропейский / Proto-Indo-European: *nókʷts; Прауральский / Proto-Uralic: *üji; Proto-Lezgian: *ʡišːʷ,Прасино-тибетский / Proto-Sino-Tibetan: *ya / *s-r(y)ak; Праиндоевропейский / Proto-Indo-European: *nókʷts; Прауральский / Proto-Uralic: *üji; Proto-Lezgian: *ʡišːʷ; Proto-Nakh: *bus-ya > *buysa
145,name,branch_eurasian,Proto-Sapiens Eurasiaticus (Праевразийский / Борейский),*nimV,nimV,0.98,"Reconstructed stem *nimV with initial labial/dental stop, open vowel, and preserved root structure.",Борейский праязык / Proto-Borean: *n[i]mV; Ностратический праязык / Proto-Nostratic: *n[i]mV; Сино-кавказский праязык / Proto-Sino-Caucasian: *m[i]n; Прасино-тибетский / Proto-Sino-Tibetan: *r-miŋ,Борейский праязык / Proto-Borean: *n[i]mV; Ностратический праязык / Proto-Nostratic: *n[i]mV; Сино-кавказский праязык / Proto-Sino-Caucasian: *m[i]n; Прасино-тибетский / Proto-Sino-Tibetan: *r-miŋ; Праиндоевропейский / Proto-Indo-European: *h₁nómn̥
146,burn,branch_eurasian,Proto-Sapiens Eurasiaticus (Праевразийский / Борейский),*dʰegʷʰ-,dʰegʷʰ-,0.98,"Reconstructed stem *dʰegʷʰ- with initial labial/dental stop, open vowel, and preserved root structure.",Праиндоевропейский / Proto-Indo-European: *dʰegʷʰ-; Proto-Lezgian: *ʔokːʷɨ-; Proto-Nakh: *=aːkʼ-; Proto-Yeniseian: *qɔʔt,Праиндоевропейский / Proto-Indo-European: *dʰegʷʰ-; Proto-Lezgian: *ʔokːʷɨ-; Proto-Nakh: *=aːkʼ-; Proto-Yeniseian: *qɔʔt; Ancient Attic Greek (Plato) [grc]: ká-oː {κάω}
147,full,branch_eurasian,Proto-Sapiens Eurasiaticus (Праевразийский / Борейский),*pl̥h₁nós,pl̥h₁nós,0.98,"Reconstructed stem *pl̥h₁nós with initial labial/dental stop, open vowel, and preserved root structure.",Праиндоевропейский / Proto-Indo-European: *pl̥h₁nós; Proto-Lezgian: *hˤacʼɨ-; Proto-Nakh: *=ucʼ-; Proto-Yeniseian: *ʔute,Праиндоевропейский / Proto-Indo-European: *pl̥h₁nós; Proto-Lezgian: *hˤacʼɨ-; Proto-Nakh: *=ucʼ-; Proto-Yeniseian: *ʔute; Proto-Taa: *um
148,give,branch_eurasian,Proto-Sapiens Eurasiaticus (Праевразийский / Борейский),*deh₃-,deh₃-,0.98,"Reconstructed stem *deh₃- with initial labial/dental stop, open vowel, and preserved root structure.",Праиндоевропейский / Proto-Indo-European: *deh₃-; Proto-Lezgian: *ʔiƛːɨ-; Proto-Nakh: *=aɬ-; Proto-Yeniseian: *n=...=o #,Праиндоевропейский / Proto-Indo-European: *deh₃-; Proto-Lezgian: *ʔiƛːɨ-; Proto-Nakh: *=aɬ-; Proto-Yeniseian: *n=...=o #; Proto-Taa: *!qʰa-; *V-
149,good,branch_eurasian,Proto-Sapiens Eurasiaticus (Праевразийский / Борейский),*h₁su- / wésus,h₁su- / wésus,0.98,"Reconstructed stem *h₁su- / wésus with initial labial/dental stop, open vowel, and preserved root structure.",Праиндоевропейский / Proto-Indo-European: *h₁su- / *wésus; Proto-Lezgian: *yukːɨ-; Proto-Nakh: *dak- ~ *dik-; Proto-Yeniseian: *haq-,Праиндоевропейский / Proto-Indo-European: *h₁su- / *wésus; Proto-Lezgian: *yukːɨ-; Proto-Nakh: *dak- ~ *dik-; Proto-Yeniseian: *haq-; Proto-Taa: *qãĩ #
150,new,branch_eurasian,Proto-Sapiens Eurasiaticus (Праевразийский / Борейский),*néwos,néwos,0.98,"Reconstructed stem *néwos with initial labial/dental stop, open vowel, and preserved root structure.",Праиндоевропейский / Proto-Indo-European: *néwos; Proto-Lezgian: *cʼen-class-ä-; Proto-Nakh: *cʼin-a #; Proto-Yeniseian: *giʔ,Праиндоевропейский / Proto-Indo-European: *néwos; Proto-Lezgian: *cʼen-class-ä-; Proto-Nakh: *cʼin-a #; Proto-Yeniseian: *giʔ; Proto-Taa: *ǁquˤ-
151,red,branch_eurasian,Proto-Sapiens Eurasiaticus (Праевразийский / Борейский),*h₁rewtʰ-,h₁rewtʰ-,0.98,"Reconstructed stem *h₁rewtʰ- with initial labial/dental stop, open vowel, and preserved root structure.",Праиндоевропейский / Proto-Indo-European: *h₁rewdʰ-; Proto-Lezgian: *ʔirɨ- ~ *ʔˤirɨ-; Proto-Nakh: *cʼeːg-en; Proto-Yeniseian: *sur-,Праиндоевропейский / Proto-Indo-European: *h₁rewdʰ-; Proto-Lezgian: *ʔirɨ- ~ *ʔˤirɨ-; Proto-Nakh: *cʼeːg-en; Proto-Yeniseian: *sur-; Proto-Taa: *ǀaʰ-
152,white,branch_eurasian,Proto-Sapiens Eurasiaticus (Праевразийский / Борейский),*h₂elbʰ- / kʷeyt-,h₂elbʰ- / kʷeyt-,0.98,"Reconstructed stem *h₂elbʰ- / kʷeyt- with initial labial/dental stop, open vowel, and preserved root structure.",Праиндоевропейский / Proto-Indo-European: *h₂elbʰ- / *kʷeyt-; Proto-Lezgian: *čʼʷVˤbä; Proto-Nakh: *kʼay-in ~ *kʼuy-in; Proto-Yeniseian: *tak-am,Праиндоевропейский / Proto-Indo-European: *h₂elbʰ- / *kʷeyt-; Proto-Lezgian: *čʼʷVˤbä; Proto-Nakh: *kʼay-in ~ *kʼuy-in; Proto-Yeniseian: *tak-am; Proto-Taa: *ŋ
153,black,branch_eurasian,Proto-Sapiens Eurasiaticus (Праевразийский / Борейский),*krs-nós,krs-nós,0.98,"Reconstructed stem *krs-nós with initial labial/dental stop, open vowel, and preserved root structure.",Праиндоевропейский / Proto-Indo-European: *krs-nós; Proto-Lezgian: *laːˤV- ~ *loːˤV-; Proto-Nakh: *ʡaːrčʼ-i; Proto-Yeniseian: *tum-,Праиндоевропейский / Proto-Indo-European: *krs-nós; Proto-Lezgian: *laːˤV- ~ *loːˤV-; Proto-Nakh: *ʡaːrčʼ-i; Proto-Yeniseian: *tum-; Proto-Taa: *ǂaʔ-
154,stand,branch_eurasian,Proto-Sapiens Eurasiaticus (Праевразийский / Борейский),*steh₂-,steh₂-,0.98,"Reconstructed stem *steh₂- with initial labial/dental stop, open vowel, and preserved root structure.",Праиндоевропейский / Proto-Indo-European: *steh₂-; Proto-Lezgian: *ʔecːʷär-; Proto-Nakh: *l=aːtt-; Proto-Yeniseian: *=dɨŋ ~ *=dɨk,Праиндоевропейский / Proto-Indo-European: *steh₂-; Proto-Lezgian: *ʔecːʷär-; Proto-Nakh: *l=aːtt-; Proto-Yeniseian: *=dɨŋ ~ *=dɨk; Proto-Taa: *ǁʰũ
155,sit,branch_eurasian,Proto-Sapiens Eurasiaticus (Праевразийский / Борейский),*set-,set-,0.98,"Reconstructed stem *set- with initial labial/dental stop, open vowel, and preserved root structure.",Праиндоевропейский / Proto-Indo-European: *sed-; Proto-Lezgian: *ʔiqʼʷä-; Proto-Nakh: *=aːɣ-; Proto-Yeniseian: *xu-,Праиндоевропейский / Proto-Indo-European: *sed-; Proto-Lezgian: *ʔiqʼʷä-; Proto-Nakh: *=aːɣ-; Proto-Yeniseian: *xu-; Proto-Taa: *cʰu
156,see,branch_eurasian,Proto-Sapiens Eurasiaticus (Праевразийский / Борейский),*sekʷ- / weyt-,sekʷ- / weyt-,0.98,"Reconstructed stem *sekʷ- / weyt- with initial labial/dental stop, open vowel, and preserved root structure.",Праиндоевропейский / Proto-Indo-European: *sekʷ- / *weyd-; Proto-Lezgian: *ʔakːʷä-; Proto-Nakh: *=ag- / *gu=; Proto-Yeniseian: *t=...=ɔŋ,Праиндоевропейский / Proto-Indo-European: *sekʷ- / *weyd-; Proto-Lezgian: *ʔakːʷä-; Proto-Nakh: *=ag- / *gu=; Proto-Yeniseian: *t=...=ɔŋ; Proto-Taa: *a-
157,hear,branch_eurasian,Proto-Sapiens Eurasiaticus (Праевразийский / Борейский),*ḱlew-,ḱlew-,0.98,"Reconstructed stem *ḱlew- with initial labial/dental stop, open vowel, and preserved root structure.",Праиндоевропейский / Proto-Indo-European: *ḱlew-; Proto-Lezgian: *ʔeɬɨ- ~ *ʔeɬːɨ-; Proto-Nakh: *xacʼ-; Proto-Yeniseian: *=ta,Праиндоевропейский / Proto-Indo-European: *ḱlew-; Proto-Lezgian: *ʔeɬɨ- ~ *ʔeɬːɨ-; Proto-Nakh: *xacʼ-; Proto-Yeniseian: *=ta; Proto-Taa: *tãˤ
158,know,branch_eurasian,Proto-Sapiens Eurasiaticus (Праевразийский / Борейский),*ǵneh₃-,ǵneh₃-,0.98,"Reconstructed stem *ǵneh₃- with initial labial/dental stop, open vowel, and preserved root structure.",Праиндоевропейский / Proto-Indo-European: *ǵneh₃-; Proto-Lezgian: *ʔacʼa-; Proto-Nakh: *xaʔ-; Proto-Taa: *uma- #,Праиндоевропейский / Proto-Indo-European: *ǵneh₃-; Proto-Lezgian: *ʔacʼa-; Proto-Nakh: *xaʔ-; Proto-Taa: *uma- #; Ancient Attic Greek (Plato) [grc]: ôyd-a {οἶδα}
159,rain,branch_eurasian,Proto-Sapiens Eurasiaticus (Праевразийский / Борейский),*sers- / h₁wóh₁r-,sers- / h₁wóh₁r-,0.98,"Reconstructed stem *sers- / h₁wóh₁r- with initial labial/dental stop, open vowel, and preserved root structure.",Праиндоевропейский / Proto-Indo-European: *sers- / *h₁wóh₁r-; Proto-Lezgian: *ʔoqːʷa-l; Proto-Nakh: *daɣu; Proto-Yeniseian: *xur,Праиндоевропейский / Proto-Indo-European: *sers- / *h₁wóh₁r-; Proto-Lezgian: *ʔoqːʷa-l; Proto-Nakh: *daɣu; Proto-Yeniseian: *xur; Proto-Taa: *!xʼoe
160,all,branch_eurasian,Proto-Sapiens Eurasiaticus (Праевразийский / Борейский),*kʼɨʔʷV,kʼɨʔʷV,0.98,"Reconstructed stem *kʼɨʔʷV with initial labial/dental stop, open vowel, and preserved root structure.",Proto-Lezgian: *kʼɨʔʷV; Proto-Nakh: *=arr-ikʼ; Proto-Yeniseian: *bɨʎ- #; Proto-Taa: *ko-kaˤ,"Proto-Lezgian: *kʼɨʔʷV; Proto-Nakh: *=arr-ikʼ; Proto-Yeniseian: *bɨʎ- #; Proto-Taa: *ko-kaˤ; Ancient Attic Greek (Plato) [grc]: pánt- {πᾶς, pl. πάντες}"
161,ashes,branch_eurasian,Proto-Sapiens Eurasiaticus (Праевразийский / Борейский),*riqʼːʷˤ,riqʼːʷˤ,0.98,"Reconstructed stem *riqʼːʷˤ with initial labial/dental stop, open vowel, and preserved root structure.",Proto-Lezgian: *riqʼːʷˤ; Proto-Nakh: *yobqʼ; Proto-Yeniseian: *qol- [*qor-] #; Proto-Taa: *!ʼui #,Proto-Lezgian: *riqʼːʷˤ; Proto-Nakh: *yobqʼ; Proto-Yeniseian: *qol- [*qor-] #; Proto-Taa: *!ʼui #; Ancient Attic Greek (Plato) [grc]: tépʰ-r-aː {τέφρα}
162,bark,branch_eurasian,Proto-Sapiens Eurasiaticus (Праевразийский / Борейский),*ƛːal,ƛːal,0.98,"Reconstructed stem *ƛːal with initial labial/dental stop, open vowel, and preserved root structure.",Proto-Lezgian: *ƛːal; Proto-Nakh: *kaːbst; Proto-Yeniseian: *ʔɨɢ- [*xɨɢ-] #; Proto-Taa: *gu-le,Proto-Lezgian: *ƛːal; Proto-Nakh: *kaːbst; Proto-Yeniseian: *ʔɨɢ- [*xɨɢ-] #; Proto-Taa: *gu-le; Ancient Attic Greek (Plato) [grc]: pʰloy-ó-s {φλοιός}
163,belly,branch_eurasian,Proto-Sapiens Eurasiaticus (Праевразийский / Борейский),*uo=ɬʷɨn ~ ro=ɬʷɨn,uo=ɬʷɨn ~ ro=ɬʷɨn,0.98,"Reconstructed stem *uo=ɬʷɨn ~ ro=ɬʷɨn with initial labial/dental stop, open vowel, and preserved root structure.",Proto-Lezgian: *uo=ɬʷɨn ~ *ro=ɬʷɨn; Proto-Nakh: *gag-; Ancient Attic Greek (Plato) [grc]: gas-téːr {γαστήρ}; Ancient Ionic Greek (Herodotus) [grc]: gas-téːr {γαστήρ},Proto-Lezgian: *uo=ɬʷɨn ~ *ro=ɬʷɨn; Proto-Nakh: *gag-; Ancient Attic Greek (Plato) [grc]: gas-téːr {γαστήρ}; Ancient Ionic Greek (Herodotus) [grc]: gas-téːr {γαστήρ}; Classical Armenian [hye]: oɹovayn {որովայն}
164,big,branch_eurasian,Proto-Sapiens Eurasiaticus (Праевразийский / Борейский),*pːVhˤV- ~ hˤVpːV-,pːVhˤV- ~ hˤVpːV-,0.98,"Reconstructed stem *pːVhˤV- ~ hˤVpːV- with initial labial/dental stop, open vowel, and preserved root structure.",Proto-Lezgian: *pːVhˤV- ~ *hˤVpːV-; Proto-Nakh: *=aqqu-n; Proto-Yeniseian: *qeʔ; Proto-Taa: *!xa-,Proto-Lezgian: *pːVhˤV- ~ *hˤVpːV-; Proto-Nakh: *=aqqu-n; Proto-Yeniseian: *qeʔ; Proto-Taa: *!xa-; Ancient Attic Greek (Plato) [grc]: méga-s {μέγας}
165,bird,branch_eurasian,Proto-Sapiens Eurasiaticus (Праевразийский / Борейский),*nɨсʼʷ,nɨсʼʷ,0.98,"Reconstructed stem *nɨсʼʷ with initial labial/dental stop, open vowel, and preserved root structure.",Proto-Lezgian: *nɨсʼʷ; Proto-Nakh: *ʔaːlxaʒur; Proto-Yeniseian: *duma; Proto-Taa: *u(ʔ)-,Proto-Lezgian: *nɨсʼʷ; Proto-Nakh: *ʔaːlxaʒur; Proto-Yeniseian: *duma; Proto-Taa: *u(ʔ)-; Ancient Attic Greek (Plato) [grc]: ór-n-i-s {ὄρνις}
166,bite,branch_eurasian,Proto-Sapiens Eurasiaticus (Праевразийский / Борейский),*ʔeqʼːɨ-,ʔeqʼːɨ-,0.98,"Reconstructed stem *ʔeqʼːɨ- with initial labial/dental stop, open vowel, and preserved root structure.",Proto-Lezgian: *ʔeqʼːɨ-; Proto-Nakh: *qaħ- #; Proto-Yeniseian: *ʔaʒ; Proto-Taa: *ciʔ-,Proto-Lezgian: *ʔeqʼːɨ-; Proto-Nakh: *qaħ- #; Proto-Yeniseian: *ʔaʒ; Proto-Taa: *ciʔ-; Ancient Attic Greek (Plato) [grc]: dák-n-oː {δάκνω}
167,claw / nail,branch_eurasian,Proto-Sapiens Eurasiaticus (Праевразийский / Борейский),*mːäɬː,mːäɬː,0.98,"Reconstructed stem *mːäɬː with initial labial/dental stop, open vowel, and preserved root structure.",Proto-Lezgian: *mːäɬː; Proto-Nakh: *mʡaːra; Proto-Yeniseian: *ʔiːɲe [*xiːɲe]; Proto-Taa: *ǁqu-re #,Proto-Lezgian: *mːäɬː; Proto-Nakh: *mʡaːra; Proto-Yeniseian: *ʔiːɲe [*xiːɲe]; Proto-Taa: *ǁqu-re #; Ancient Attic Greek (Plato) [grc]: ónükʰ- {ὄνυξ}
168,cloud,branch_eurasian,Proto-Sapiens Eurasiaticus (Праевразийский / Борейский),*ʔamsː,ʔamsː,0.98,"Reconstructed stem *ʔamsː with initial labial/dental stop, open vowel, and preserved root structure.",Proto-Lezgian: *ʔamsː; Proto-Nakh: *marxo; Proto-Yeniseian: *ʔas=pur; Ancient Attic Greek (Plato) [grc]: népʰ-os {νέφος},Proto-Lezgian: *ʔamsː; Proto-Nakh: *marxo; Proto-Yeniseian: *ʔas=pur; Ancient Attic Greek (Plato) [grc]: népʰ-os {νέφος}; Ancient Ionic Greek (Herodotus) [grc]: népʰ-os {νέφος}
169,cold,branch_eurasian,Proto-Sapiens Eurasiaticus (Праевразийский / Борейский),*meƛʼä-,meƛʼä-,0.98,"Reconstructed stem *meƛʼä- with initial labial/dental stop, open vowel, and preserved root structure.",Proto-Lezgian: *meƛʼä-; Proto-Nakh: *pšeː-l-i(n); Proto-Taa: *ǁãʔũ; Ancient Attic Greek (Plato) [grc]: psüːkʰ-r-ó-s {ψυχρός},Proto-Lezgian: *meƛʼä-; Proto-Nakh: *pšeː-l-i(n); Proto-Taa: *ǁãʔũ; Ancient Attic Greek (Plato) [grc]: psüːkʰ-r-ó-s {ψυχρός}; Ancient Ionic Greek (Herodotus) [grc]: psüːkʰ-r-ó- {ψυχρός}
170,dry,branch_eurasian,Proto-Sapiens Eurasiaticus (Праевразийский / Борейский),*ʔiqʼːʷar-,ʔiqʼːʷar-,0.98,"Reconstructed stem *ʔiqʼːʷar- with initial labial/dental stop, open vowel, and preserved root structure.",Proto-Lezgian: *ʔiqʼːʷar-; Proto-Nakh: *=aqʼ-i(n); Proto-Yeniseian: *qɔy- [*qɔɢ-]; Proto-Taa: *ǁuˤ- #,Proto-Lezgian: *ʔiqʼːʷar-; Proto-Nakh: *=aqʼ-i(n); Proto-Yeniseian: *qɔy- [*qɔɢ-]; Proto-Taa: *ǁuˤ- #; Ancient Attic Greek (Plato) [grc]: kseːr-ó- {ξηρός}
171,feather,branch_eurasian,Proto-Sapiens Eurasiaticus (Праевразийский / Борейский),*kʷik ~ kʷimk,kʷik ~ kʷimk,0.98,"Reconstructed stem *kʷik ~ kʷimk with initial labial/dental stop, open vowel, and preserved root structure.",Proto-Lezgian: *kʷik ~ *kʷimk; Proto-Nakh: *peːla-kʼ #; Proto-Yeniseian: *ʔaːsi; Proto-Taa: *ʔ,Proto-Lezgian: *kʷik ~ *kʷimk; Proto-Nakh: *peːla-kʼ #; Proto-Yeniseian: *ʔaːsi; Proto-Taa: *ʔ; Ancient Attic Greek (Plato) [grc]: pter-ó-n {πτερόν}
172,fly,branch_eurasian,Proto-Sapiens Eurasiaticus (Праевразийский / Борейский),*ʔiV,ʔiV,0.98,"Reconstructed stem *ʔiV with initial labial/dental stop, open vowel, and preserved root structure.",Proto-Lezgian: *ʔiV; Proto-Nakh: *leːl-; Proto-Yeniseian: *=doːq #; Proto-Taa: *ʒõẽˤ,Proto-Lezgian: *ʔiV; Proto-Nakh: *leːl-; Proto-Yeniseian: *=doːq #; Proto-Taa: *ʒõẽˤ; Ancient Attic Greek (Plato) [grc]: péto-may {πέτομαι}
173,hair,branch_eurasian,Proto-Sapiens Eurasiaticus (Праевразийский / Борейский),*čʼaˤr,čʼaˤr,0.98,"Reconstructed stem *čʼaˤr with initial labial/dental stop, open vowel, and preserved root structure.",Proto-Lezgian: *čʼaˤr; Proto-Nakh: *čo; Proto-Yeniseian: *cəŋe; Proto-Taa: *qʰu-,"Proto-Lezgian: *čʼaˤr; Proto-Nakh: *čo; Proto-Yeniseian: *cəŋe; Proto-Taa: *qʰu-; Ancient Attic Greek (Plato) [grc]: tríkʰ-es {θρίξ, pl. τρίχες}"
174,horn,branch_eurasian,Proto-Sapiens Eurasiaticus (Праевразийский / Борейский),*kalč ~ kʼalč ~ kːalč,kalč ~ kʼalč ~ kːalč,0.98,"Reconstructed stem *kalč ~ kʼalč ~ kːalč with initial labial/dental stop, open vowel, and preserved root structure.",Proto-Lezgian: *kalč ~ *kʼalč ~ *kːalč; Proto-Nakh: *muʡaʔ; Proto-Yeniseian: *qɔʔ; Proto-Taa: *ǁã-,Proto-Lezgian: *kalč ~ *kʼalč ~ *kːalč; Proto-Nakh: *muʡaʔ; Proto-Yeniseian: *qɔʔ; Proto-Taa: *ǁã-; Ancient Attic Greek (Plato) [grc]: kéra-s {κέρας}
175,kill,branch_eurasian,Proto-Sapiens Eurasiaticus (Праевразийский / Борейский),*ʔiƛʼe,ʔiƛʼe,0.98,"Reconstructed stem *ʔiƛʼe with initial labial/dental stop, open vowel, and preserved root structure.",Proto-Lezgian: *ʔiƛʼe; Proto-Nakh: *=ʡeːw-; Proto-Yeniseian: *ʔeːy [*xeːy]; Proto-Taa: *qa- #,Proto-Lezgian: *ʔiƛʼe; Proto-Nakh: *=ʡeːw-; Proto-Yeniseian: *ʔeːy [*xeːy]; Proto-Taa: *qa- #; Ancient Attic Greek (Plato) [grc]: apo=ktéyn-oː {ἀποκτείνω}
176,knee,branch_eurasian,Proto-Sapiens Eurasiaticus (Праевразийский / Борейский),*pɨˤmp ~ pʼɨˤmpʼ,pɨˤmp ~ pʼɨˤmpʼ,0.98,"Reconstructed stem *pɨˤmp ~ pʼɨˤmpʼ with initial labial/dental stop, open vowel, and preserved root structure.",Proto-Lezgian: *pɨˤmp ~ *pʼɨˤmpʼ; Proto-Nakh: *gagu; Proto-Yeniseian: *baʔt; Proto-Taa: *xũ,Proto-Lezgian: *pɨˤmp ~ *pʼɨˤmpʼ; Proto-Nakh: *gagu; Proto-Yeniseian: *baʔt; Proto-Taa: *xũ; Ancient Attic Greek (Plato) [grc]: gónü {γόνυ}
177,leaf,branch_eurasian,Proto-Sapiens Eurasiaticus (Праевразийский / Борейский),*ƛʼačʼa,ƛʼačʼa,0.98,"Reconstructed stem *ƛʼačʼa with initial labial/dental stop, open vowel, and preserved root structure.",Proto-Lezgian: *ƛʼačʼa; Proto-Nakh: *ɣa; Proto-Yeniseian: *yəːpe; Proto-Taa: *ana #,Proto-Lezgian: *ƛʼačʼa; Proto-Nakh: *ɣa; Proto-Yeniseian: *yəːpe; Proto-Taa: *ana #; Ancient Attic Greek (Plato) [grc]: pʰǘll-o-n {φύλλον}
178,lie,branch_eurasian,Proto-Sapiens Eurasiaticus (Праевразийский / Борейский),*ʔaär-,ʔaär-,0.98,"Reconstructed stem *ʔaär- with initial labial/dental stop, open vowel, and preserved root structure.",Proto-Lezgian: *ʔaär-; Proto-Nakh: *=ill-; Proto-Yeniseian: *=qɔt; Proto-Taa: *tu,Proto-Lezgian: *ʔaär-; Proto-Nakh: *=ill-; Proto-Yeniseian: *=qɔt; Proto-Taa: *tu; Ancient Attic Greek (Plato) [grc]: katá=key-may {κατάκειμαι}
179,liver,branch_eurasian,Proto-Sapiens Eurasiaticus (Праевразийский / Борейский),*läƛʼ,läƛʼ,0.98,"Reconstructed stem *läƛʼ with initial labial/dental stop, open vowel, and preserved root structure.",Proto-Lezgian: *läƛʼ; Proto-Nakh: *doʡax ~ *doʡex; Proto-Yeniseian: *seŋ #; Proto-Taa: *am,Proto-Lezgian: *läƛʼ; Proto-Nakh: *doʡax ~ *doʡex; Proto-Yeniseian: *seŋ #; Proto-Taa: *am; Ancient Attic Greek (Plato) [grc]: hêːp-ar {ἧπαρ}
180,long,branch_eurasian,Proto-Sapiens Eurasiaticus (Праевразийский / Борейский),*hˤalä-,hˤalä-,0.98,"Reconstructed stem *hˤalä- with initial labial/dental stop, open vowel, and preserved root structure.",Proto-Lezgian: *hˤalä-; Proto-Nakh: *=ʕaːx-in; Proto-Yeniseian: *ʔux-; Ancient Attic Greek (Plato) [grc]: mak-r-ó- {μακρός},Proto-Lezgian: *hˤalä-; Proto-Nakh: *=ʕaːx-in; Proto-Yeniseian: *ʔux-; Ancient Attic Greek (Plato) [grc]: mak-r-ó- {μακρός}; Ancient Ionic Greek (Herodotus) [grc]: mak-r-ó- {μακρός}
181,louse,branch_eurasian,Proto-Sapiens Eurasiaticus (Праевразийский / Борейский),*näcʼː,näcʼː,0.98,"Reconstructed stem *näcʼː with initial labial/dental stop, open vowel, and preserved root structure.",Proto-Lezgian: *näcʼː; Proto-Nakh: *macʼe; Proto-Yeniseian: *ʔəːke [*xəːke]; Proto-Taa: *ũˤ #,Proto-Lezgian: *näcʼː; Proto-Nakh: *macʼe; Proto-Yeniseian: *ʔəːke [*xəːke]; Proto-Taa: *ũˤ #; Ancient Attic Greek (Plato) [grc]: pʰtʰéyr {φθείρ}
182,man,branch_eurasian,Proto-Sapiens Eurasiaticus (Праевразийский / Борейский),*šːʷiy,šːʷiy,0.98,"Reconstructed stem *šːʷiy with initial labial/dental stop, open vowel, and preserved root structure.",Proto-Lezgian: *šːʷiy; Proto-Nakh: *stʼakʼ; Proto-Yeniseian: *pixe; Proto-Taa: *ƛâ=àˤ,Proto-Lezgian: *šːʷiy; Proto-Nakh: *stʼakʼ; Proto-Yeniseian: *pixe; Proto-Taa: *ƛâ=àˤ; Ancient Attic Greek (Plato) [grc]: anéːr {ἀνήρ}
183,many,branch_eurasian,Proto-Sapiens Eurasiaticus (Праевразийский / Борейский),*ʔaˤɨ-,ʔaˤɨ-,0.98,"Reconstructed stem *ʔaˤɨ- with initial labial/dental stop, open vowel, and preserved root structure.",Proto-Lezgian: *ʔaˤɨ-; Proto-Nakh: *duqa; Proto-Yeniseian: *bəy- #; Proto-Taa: *ǁari,Proto-Lezgian: *ʔaˤɨ-; Proto-Nakh: *duqa; Proto-Yeniseian: *bəy- #; Proto-Taa: *ǁari; Ancient Attic Greek (Plato) [grc]: pol-ǘ- {πολύς}
184,meat,branch_eurasian,Proto-Sapiens Eurasiaticus (Праевразийский / Борейский),*yaƛʼː,yaƛʼː,0.98,"Reconstructed stem *yaƛʼː with initial labial/dental stop, open vowel, and preserved root structure.",Proto-Lezgian: *yaƛʼː; Proto-Nakh: *dilxu; Proto-Yeniseian: *ʔise; Proto-Taa: *ʘa-,Proto-Lezgian: *yaƛʼː; Proto-Nakh: *dilxu; Proto-Yeniseian: *ʔise; Proto-Taa: *ʘa-; Ancient Attic Greek (Plato) [grc]: kréas {κρέας}
185,mountain,branch_eurasian,Proto-Sapiens Eurasiaticus (Праевразийский / Борейский),*sɨwa,sɨwa,0.98,"Reconstructed stem *sɨwa with initial labial/dental stop, open vowel, and preserved root structure.",Proto-Lezgian: *sɨwa; Proto-Nakh: *laːm; Proto-Yeniseian: *rʸɨʔǯ; Proto-Taa: *!um,Proto-Lezgian: *sɨwa; Proto-Nakh: *laːm; Proto-Yeniseian: *rʸɨʔǯ; Proto-Taa: *!um; Ancient Attic Greek (Plato) [grc]: ór-os {ὄρος}
186,mouth,branch_eurasian,Proto-Sapiens Eurasiaticus (Праевразийский / Борейский),*sːɨw,sːɨw,0.98,"Reconstructed stem *sːɨw with initial labial/dental stop, open vowel, and preserved root structure.",Proto-Lezgian: *sːɨw; Proto-Nakh: *bakʼa; Proto-Yeniseian: *qowe; Proto-Taa: *ǂu-,Proto-Lezgian: *sːɨw; Proto-Nakh: *bakʼa; Proto-Yeniseian: *qowe; Proto-Taa: *ǂu-; Ancient Attic Greek (Plato) [grc]: stóm-a {στόμα}
187,neck,branch_eurasian,Proto-Sapiens Eurasiaticus (Праевразийский / Борейский),*ˤaw,ˤaw,0.98,"Reconstructed stem *ˤaw with initial labial/dental stop, open vowel, and preserved root structure.",Proto-Lezgian: *ˤaw; Proto-Nakh: *yaʡ #; Proto-Yeniseian: *kəqənt; Proto-Taa: *ǂxʼãũ,Proto-Lezgian: *ˤaw; Proto-Nakh: *yaʡ #; Proto-Yeniseian: *kəqənt; Proto-Taa: *ǂxʼãũ; Ancient Attic Greek (Plato) [grc]: awkʰ-éːn {αὐχήν}
188,nose,branch_eurasian,Proto-Sapiens Eurasiaticus (Праевразийский / Борейский),*muʔel,muʔel,0.98,"Reconstructed stem *muʔel with initial labial/dental stop, open vowel, and preserved root structure.",Proto-Lezgian: *muʔel; Proto-Nakh: *marɬo; Proto-Yeniseian: *xaŋ; Proto-Taa: *uʰ-,Proto-Lezgian: *muʔel; Proto-Nakh: *marɬo; Proto-Yeniseian: *xaŋ; Proto-Taa: *uʰ-; Ancient Attic Greek (Plato) [grc]: r̥iːn- {ῥίς}
189,not,branch_eurasian,Proto-Sapiens Eurasiaticus (Праевразийский / Борейский),*tːV-,tːV-,0.98,"Reconstructed stem *tːV- with initial labial/dental stop, open vowel, and preserved root structure.",Proto-Lezgian: *tːV-; Proto-Nakh: *ca ~ *co; Proto-Yeniseian: *wən; Proto-Taa: *ǁqʰu-,Proto-Lezgian: *tːV-; Proto-Nakh: *ca ~ *co; Proto-Yeniseian: *wən; Proto-Taa: *ǁqʰu-; Ancient Attic Greek (Plato) [grc]: uː ~ uːk ~ uːkʰ {οὐ ~ οὐκ ~ οὐχ}
190,person,branch_eurasian,Proto-Sapiens Eurasiaticus (Праевразийский / Борейский),*šːʷiy,šːʷiy,0.98,"Reconstructed stem *šːʷiy with initial labial/dental stop, open vowel, and preserved root structure.",Proto-Lezgian: *šːʷiy; Proto-Nakh: *stʼ-akʼ; Proto-Yeniseian: *keʔt; Proto-Taa: *ƛâ,Proto-Lezgian: *šːʷiy; Proto-Nakh: *stʼ-akʼ; Proto-Yeniseian: *keʔt; Proto-Taa: *ƛâ; Ancient Attic Greek (Plato) [grc]: ántʰroːp-o-s {ἄνθρωπος}
191,road,branch_eurasian,Proto-Sapiens Eurasiaticus (Праевразийский / Борейский),*weǵʰ-,weǵʰ-,0.98,"Reconstructed stem *weǵʰ- with initial labial/dental stop, open vowel, and preserved root structure.",Праиндоевропейский / Proto-Indo-European: *weǵʰ-; Proto-Lezgian: *räqʼːˤ; Proto-Nakh: *niːqʼ; Proto-Yeniseian: *qoʔt; *qɨq,Праиндоевропейский / Proto-Indo-European: *weǵʰ-; Proto-Lezgian: *räqʼːˤ; Proto-Nakh: *niːqʼ; Proto-Yeniseian: *qoʔt; *qɨq; Ancient Attic Greek (Plato) [grc]: hod-ó-s {ὁδός}
192,root,branch_eurasian,Proto-Sapiens Eurasiaticus (Праевразийский / Борейский),*ciːǯ,ciːǯ,0.98,"Reconstructed stem *ciːǯ with initial labial/dental stop, open vowel, and preserved root structure.",Proto-Yeniseian: *ciːǯ; Ancient Attic Greek (Plato) [grc]: r̥ízd-aː {ῥίζα}; Ancient Ionic Greek (Herodotus) [grc]: r̥ízd-aː {ῥίζα},Proto-Yeniseian: *ciːǯ; Ancient Attic Greek (Plato) [grc]: r̥ízd-aː {ῥίζα}; Ancient Ionic Greek (Herodotus) [grc]: r̥ízd-aː {ῥίζα}; Classical Armenian [hye]: aɹmat {արմատ}; Gothic [goth1244]: wɔrt-s
193,round,branch_eurasian,Proto-Sapiens Eurasiaticus (Праевразийский / Борейский),*girgʷV,girgʷV,0.98,"Reconstructed stem *girgʷV with initial labial/dental stop, open vowel, and preserved root structure.",Proto-Lezgian: *girgʷV; Proto-Nakh: *goːg-ra-n ~ *goːg-ri-n; Ancient Attic Greek (Plato) [grc]: strong-ǘl-o-s {στρογγύλος}; Ancient Ionic Greek (Herodotus) [grc]: strong-ǘl-o- {στρογγύλος},Proto-Lezgian: *girgʷV; Proto-Nakh: *goːg-ra-n ~ *goːg-ri-n; Ancient Attic Greek (Plato) [grc]: strong-ǘl-o-s {στρογγύλος}; Ancient Ionic Greek (Herodotus) [grc]: strong-ǘl-o- {στρογγύλος}; Classical Armenian [hye]: boloɹ-ši {բոլոր-շի}
194,sand,branch_eurasian,Proto-Sapiens Eurasiaticus (Праевразийский / Борейский),*šːäm,šːäm,0.98,"Reconstructed stem *šːäm with initial labial/dental stop, open vowel, and preserved root structure.",Proto-Lezgian: *šːäm; Proto-Yeniseian: *pən-əŋ; Proto-Taa: *ǂxʼum; Ancient Attic Greek (Plato) [grc]: ámm-o-s {ἄμμος},Proto-Lezgian: *šːäm; Proto-Yeniseian: *pən-əŋ; Proto-Taa: *ǂxʼum; Ancient Attic Greek (Plato) [grc]: ámm-o-s {ἄμμος}; Ancient Ionic Greek (Herodotus) [grc]: psám-m-o-s {ψάμμος}
195,say,branch_eurasian,Proto-Sapiens Eurasiaticus (Праевразийский / Борейский),*ʔiʔʷˤɨ-,ʔiʔʷˤɨ-,0.98,"Reconstructed stem *ʔiʔʷˤɨ- with initial labial/dental stop, open vowel, and preserved root structure.",Proto-Lezgian: *ʔiʔʷˤɨ-; Proto-Nakh: *ʔaːɬ- / *leː-; Proto-Yeniseian: *saga- #; Ancient Attic Greek (Plato) [grc]: pʰeː-mí {φημί}; êyp-a {εἶπα},Proto-Lezgian: *ʔiʔʷˤɨ-; Proto-Nakh: *ʔaːɬ- / *leː-; Proto-Yeniseian: *saga- #; Ancient Attic Greek (Plato) [grc]: pʰeː-mí {φημί}; êyp-a {εἶπα}; Ancient Ionic Greek (Herodotus) [grc]: pʰeː-mí {φημί}; êyp-a {εἶπα}
196,seed,branch_eurasian,Proto-Sapiens Eurasiaticus (Праевразийский / Борейский),*ɬːʷin,ɬːʷin,0.98,"Reconstructed stem *ɬːʷin with initial labial/dental stop, open vowel, and preserved root structure.",Proto-Lezgian: *ɬːʷin; Proto-Nakh: *fuw; Proto-Yeniseian: *t=...=ɔŋ; Proto-Taa: *a-,Proto-Lezgian: *ɬːʷin; Proto-Nakh: *fuw; Proto-Yeniseian: *t=...=ɔŋ; Proto-Taa: *a-; Ancient Attic Greek (Plato) [grc]: spér-ma {σπέρμα} V
197,skin,branch_eurasian,Proto-Sapiens Eurasiaticus (Праевразийский / Борейский),*cʼoːka,cʼoːka,0.98,"Reconstructed stem *cʼoːka with initial labial/dental stop, open vowel, and preserved root structure.",Proto-Nakh: *cʼoːka; Proto-Yeniseian: *ʔaʒ; Proto-Taa: *tùˤm; Ancient Attic Greek (Plato) [grc]: dér-m-a {δέρμα},Proto-Nakh: *cʼoːka; Proto-Yeniseian: *ʔaʒ; Proto-Taa: *tùˤm; Ancient Attic Greek (Plato) [grc]: dér-m-a {δέρμα}; Ancient Ionic Greek (Herodotus) [grc]: dér-m-a {δέρμα}
198,sleep,branch_eurasian,Proto-Sapiens Eurasiaticus (Праевразийский / Борейский),*ʔasʷɨn- ~ ʔasːʷɨn-,ʔasʷɨn- ~ ʔasːʷɨn-,0.98,"Reconstructed stem *ʔasʷɨn- ~ ʔasːʷɨn- with initial labial/dental stop, open vowel, and preserved root structure.",Proto-Lezgian: *ʔasʷɨn- ~ *ʔasːʷɨn-; Proto-Nakh: *toħ-; Proto-Yeniseian: *=qɔt; Proto-Taa: *ʘVn,Proto-Lezgian: *ʔasʷɨn- ~ *ʔasːʷɨn-; Proto-Nakh: *toħ-; Proto-Yeniseian: *=qɔt; Proto-Taa: *ʘVn; Ancient Attic Greek (Plato) [grc]: katʰ=éwd-oː {καθεύδω}
199,small,branch_eurasian,Proto-Sapiens Eurasiaticus (Праевразийский / Борейский),*kʼɨʔʷV,kʼɨʔʷV,0.98,"Reconstructed stem *kʼɨʔʷV with initial labial/dental stop, open vowel, and preserved root structure.",Proto-Lezgian: *kʼɨʔʷV; Proto-Nakh: *ǯʕom-in; Proto-Yeniseian: *pəɲ- #; Proto-Taa: *ko-kaˤ,Proto-Lezgian: *kʼɨʔʷV; Proto-Nakh: *ǯʕom-in; Proto-Yeniseian: *pəɲ- #; Proto-Taa: *ko-kaˤ; Ancient Attic Greek (Plato) [grc]: smiːk-r-ó-s {σμικρός}
200,smoke,branch_eurasian,Proto-Sapiens Eurasiaticus (Праевразийский / Борейский),*kːunː,kːunː,0.98,"Reconstructed stem *kːunː with initial labial/dental stop, open vowel, and preserved root structure.",Proto-Lezgian: *kːunː; Proto-Nakh: *kʼur; Proto-Yeniseian: *duʔ; Ancient Attic Greek (Plato) [grc]: kap-n-ó-s {καπνός},Proto-Lezgian: *kːunː; Proto-Nakh: *kʼur; Proto-Yeniseian: *duʔ; Ancient Attic Greek (Plato) [grc]: kap-n-ó-s {καπνός}; Ancient Ionic Greek (Herodotus) [grc]: kap-n-ó-s {καπνός}
201,snake,branch_eurasian,Proto-Sapiens Eurasiaticus (Праевразийский / Борейский),*ƛːar,ƛːar,0.98,"Reconstructed stem *ƛːar with initial labial/dental stop, open vowel, and preserved root structure.",Proto-Lezgian: *ƛːar; Proto-Nakh: *laħi; Proto-Taa: *ǁui #; Ancient Attic Greek (Plato) [grc]: ópʰ-i-s {ὄφις},Proto-Lezgian: *ƛːar; Proto-Nakh: *laħi; Proto-Taa: *ǁui #; Ancient Attic Greek (Plato) [grc]: ópʰ-i-s {ὄφις}; Ancient Ionic Greek (Herodotus) [grc]: ópʰ-i-s {ὄφις}
202,swim,branch_eurasian,Proto-Sapiens Eurasiaticus (Праевразийский / Борейский),*ɬːänː ʔaʔar-,ɬːänː ʔaʔar-,0.98,"Reconstructed stem *ɬːänː ʔaʔar- with initial labial/dental stop, open vowel, and preserved root structure.",Proto-Lezgian: *ɬːänː ʔaʔa(r)-; Proto-Nakh: *naːki; Proto-Yeniseian: *suːy; Proto-Taa: *ŋ,Proto-Lezgian: *ɬːänː ʔaʔa(r)-; Proto-Nakh: *naːki; Proto-Yeniseian: *suːy; Proto-Taa: *ŋ; Ancient Attic Greek (Plato) [grc]: né-oː {νέω}
203,tail,branch_eurasian,Proto-Sapiens Eurasiaticus (Праевразийский / Борейский),*porkos,porkos,0.98,"Reconstructed stem *porkos with initial labial/dental stop, open vowel, and preserved root structure.",Праиндоевропейский / Proto-Indo-European: *porkos; Proto-Lezgian: *ħɨrčːʷ ~ *ʡɨrčːʷ; Proto-Nakh: *muɣ; Proto-Yeniseian: *puɢ-aʒ,Праиндоевропейский / Proto-Indo-European: *porkos; Proto-Lezgian: *ħɨrčːʷ ~ *ʡɨrčːʷ; Proto-Nakh: *muɣ; Proto-Yeniseian: *puɢ-aʒ; Proto-Taa: *ǀãũ ~ *ãũ
204,that,branch_eurasian,Proto-Sapiens Eurasiaticus (Праевразийский / Борейский),*tV,tV,0.98,"Reconstructed stem *tV with initial labial/dental stop, open vowel, and preserved root structure.",Proto-Lezgian: *tV; Proto-Nakh: *ʔo #; Proto-Yeniseian: *ʔu; Proto-Taa: *tV- #,Proto-Lezgian: *tV; Proto-Nakh: *ʔo #; Proto-Yeniseian: *ʔu; Proto-Taa: *tV- #; Ancient Attic Greek (Plato) [grc]: e=kêy-n-o- {ἐκεῖνος}
205,this,branch_eurasian,Proto-Sapiens Eurasiaticus (Праевразийский / Борейский),*mV,mV,0.98,"Reconstructed stem *mV with initial labial/dental stop, open vowel, and preserved root structure.",Proto-Lezgian: *mV; Proto-Nakh: *ʔi #; Proto-Yeniseian: *ʔi; Proto-Taa: *tV-,Proto-Lezgian: *mV; Proto-Nakh: *ʔi #; Proto-Yeniseian: *ʔi; Proto-Taa: *tV-; Ancient Attic Greek (Plato) [grc]: hûːt-o- {οὗτος} d
206,walk / go,branch_eurasian,Proto-Sapiens Eurasiaticus (Праевразийский / Борейский),*ʔiqːʷˤä-,ʔiqːʷˤä-,0.98,"Reconstructed stem *ʔiqːʷˤä- with initial labial/dental stop, open vowel, and preserved root structure.",Proto-Lezgian: *ʔiqːʷˤä-; *ʔiɬʷe; Proto-Nakh: *=ax-; Proto-Yeniseian: *hey-; *=ʒe- ~ *=ʒen #; Proto-Taa: *sa,Proto-Lezgian: *ʔiqːʷˤä-; *ʔiɬʷe; Proto-Nakh: *=ax-; Proto-Yeniseian: *hey-; *=ʒe- ~ *=ʒen #; Proto-Taa: *sa; Ancient Attic Greek (Plato) [grc]: êy-mi {εἶμι}
207,warm / hot,branch_eurasian,Proto-Sapiens Eurasiaticus (Праевразийский / Борейский),*ʔiƛːVr-,ʔiƛːVr-,0.98,"Reconstructed stem *ʔiƛːVr- with initial labial/dental stop, open vowel, and preserved root structure.",Proto-Lezgian: *ʔiƛːVr-; Proto-Nakh: *=ʕaːbx-in; Proto-Yeniseian: *xus-; Ancient Attic Greek (Plato) [grc]: tʰer-m-ó- {θερμός},Proto-Lezgian: *ʔiƛːVr-; Proto-Nakh: *=ʕaːbx-in; Proto-Yeniseian: *xus-; Ancient Attic Greek (Plato) [grc]: tʰer-m-ó- {θερμός}; Ancient Ionic Greek (Herodotus) [grc]: tʰer-m-ó- {θερμός}
208,woman,branch_eurasian,Proto-Sapiens Eurasiaticus (Праевразийский / Борейский),*ɬːɨnː-ol,ɬːɨnː-ol,0.98,"Reconstructed stem *ɬːɨnː-ol with initial labial/dental stop, open vowel, and preserved root structure.",Proto-Lezgian: *ɬːɨnː-ol; Proto-Nakh: *pstʼuw; Proto-Yeniseian: *qem; Proto-Taa: *ƛâ=qáe,Proto-Lezgian: *ɬːɨnː-ol; Proto-Nakh: *pstʼuw; Proto-Yeniseian: *qem; Proto-Taa: *ƛâ=qáe; Ancient Attic Greek (Plato) [grc]: gün-éː {γυνή}
209,yellow,branch_eurasian,Proto-Sapiens Eurasiaticus (Праевразийский / Борейский),*qäqV,qäqV,0.98,"Reconstructed stem *qäqV with initial labial/dental stop, open vowel, and preserved root structure.",Proto-Lezgian: *qäqV; Proto-Nakh: *maːǯ-un #; Ancient Attic Greek (Plato) [grc]: ksantʰ-ó- {ξανθός},Proto-Lezgian: *qäqV; Proto-Nakh: *maːǯ-un #; Ancient Attic Greek (Plato) [grc]: ksantʰ-ó- {ξανθός}; Classical Armenian [hye]: deɫ-in {դեղին}; Hittite (Old): xaxxal-uwant- ~ xaxli-want- ~ xaxla-want- {hahhal-uwant- ~ hahli-want- ~ hahla-want-}
210,far,branch_eurasian,Proto-Sapiens Eurasiaticus (Праевразийский / Борейский),*ʔarːV,ʔarːV,0.98,"Reconstructed stem *ʔarːV with initial labial/dental stop, open vowel, and preserved root structure.",Proto-Lezgian: *ʔarːV; Proto-Nakh: *gaːni #; Proto-Yeniseian: *biːr1; Proto-Taa: *taiˤ,Proto-Lezgian: *ʔarːV; Proto-Nakh: *gaːni #; Proto-Yeniseian: *biːr1; Proto-Taa: *taiˤ; Ancient Attic Greek (Plato) [grc]: pórr-oː {πόρρω}
211,heavy,branch_eurasian,Proto-Sapiens Eurasiaticus (Праевразийский / Борейский),*hˤiqʼʷɨ,hˤiqʼʷɨ,0.98,"Reconstructed stem *hˤiqʼʷɨ with initial labial/dental stop, open vowel, and preserved root structure.",Proto-Lezgian: *hˤiqʼʷɨ; Proto-Nakh: *=acʼ-in; Proto-Yeniseian: *səɢ-; Ancient Attic Greek (Plato) [grc]: bar-ǘ- {βαρύς},Proto-Lezgian: *hˤiqʼʷɨ; Proto-Nakh: *=acʼ-in; Proto-Yeniseian: *səɢ-; Ancient Attic Greek (Plato) [grc]: bar-ǘ- {βαρύς}; Ancient Ionic Greek (Herodotus) [grc]: em=briːtʰ-éː- {ἐμβριθής}
212,near,branch_eurasian,Proto-Sapiens Eurasiaticus (Праевразийский / Борейский),*ʔˤamː,ʔˤamː,0.98,"Reconstructed stem *ʔˤamː with initial labial/dental stop, open vowel, and preserved root structure.",Proto-Lezgian: *ʔˤamː; Proto-Nakh: *garge; Proto-Yeniseian: *ʔuti [*xuti]; Proto-Taa: *u-,Proto-Lezgian: *ʔˤamː; Proto-Nakh: *garge; Proto-Yeniseian: *ʔuti [*xuti]; Proto-Taa: *u-; Ancient Attic Greek (Plato) [grc]: eng-ǘ-s {ἐγγύς}
213,salt,branch_eurasian,Proto-Sapiens Eurasiaticus (Праевразийский / Борейский),*qʼäl,qʼäl,0.98,"Reconstructed stem *qʼäl with initial labial/dental stop, open vowel, and preserved root structure.",Proto-Lezgian: *qʼäl; Proto-Nakh: *tuxe; Proto-Yeniseian: *čəʔ; Proto-Taa: *qaʔna,Proto-Lezgian: *qʼäl; Proto-Nakh: *tuxe; Proto-Yeniseian: *čəʔ; Proto-Taa: *qaʔna; Ancient Attic Greek (Plato) [grc]: hál-s {ἅλς}
214,short,branch_eurasian,Proto-Sapiens Eurasiaticus (Праевразийский / Борейский),*kːʷVˤtʼV,kːʷVˤtʼV,0.98,"Reconstructed stem *kːʷVˤtʼV with initial labial/dental stop, open vowel, and preserved root structure.",Proto-Lezgian: *kːʷVˤtʼV; Proto-Nakh: *=aːc-un; Proto-Taa: *ǂʼaba; Ancient Attic Greek (Plato) [grc]: brakʰ-ǘ- {βραχύς},Proto-Lezgian: *kːʷVˤtʼV; Proto-Nakh: *=aːc-un; Proto-Taa: *ǂʼaba; Ancient Attic Greek (Plato) [grc]: brakʰ-ǘ- {βραχύς}; Ancient Ionic Greek (Herodotus) [grc]: brakʰ-ǘ- {βραχύς}
215,thin,branch_eurasian,Proto-Sapiens Eurasiaticus (Праевразийский / Борейский),*ƛʼɨlä,ƛʼɨlä,0.98,"Reconstructed stem *ƛʼɨlä with initial labial/dental stop, open vowel, and preserved root structure.",Proto-Lezgian: *ƛʼɨlä; hˤɨ(m)ƛʼːä; Proto-Nakh: *=utʼqʼ-in; Proto-Yeniseian: *ʔaʒ; Proto-Taa: *ŋ,Proto-Lezgian: *ƛʼɨlä; hˤɨ(m)ƛʼːä; Proto-Nakh: *=utʼqʼ-in; Proto-Yeniseian: *ʔaʒ; Proto-Taa: *ŋ; Ancient Attic Greek (Plato) [grc]: lept-ó-s {λεπτός}
216,wind,branch_eurasian,Proto-Sapiens Eurasiaticus (Праевразийский / Борейский),*muč,muč,0.98,"Reconstructed stem *muč with initial labial/dental stop, open vowel, and preserved root structure.",Proto-Lezgian: *muč; Proto-Nakh: *mox; Proto-Yeniseian: *bey; Proto-Taa: *ǂqʰu-,Proto-Lezgian: *muč; Proto-Nakh: *mox; Proto-Yeniseian: *bey; Proto-Taa: *ǂqʰu-; Ancient Attic Greek (Plato) [grc]: áne-m-o-s {ἄνεμος}
217,worm,branch_eurasian,Proto-Sapiens Eurasiaticus (Праевразийский / Борейский),*mulaqʷˤ,mulaqʷˤ,0.98,"Reconstructed stem *mulaqʷˤ with initial labial/dental stop, open vowel, and preserved root structure.",Proto-Lezgian: *mulaqʷˤ; Proto-Nakh: *nʡana; Proto-Yeniseian: *koy; Ancient Ionic Greek (Herodotus) [grc]: ewl-éː {εὐλή},Proto-Lezgian: *mulaqʷˤ; Proto-Nakh: *nʡana; Proto-Yeniseian: *koy; Ancient Ionic Greek (Herodotus) [grc]: ewl-éː {εὐλή}; Classical Armenian [hye]: oɹdn {որդն}
218,year,branch_eurasian,Proto-Sapiens Eurasiaticus (Праевразийский / Борейский),*sːän,sːän,0.98,"Reconstructed stem *sːän with initial labial/dental stop, open vowel, and preserved root structure.",Proto-Lezgian: *sːän; Proto-Nakh: *šo; Proto-Yeniseian: *sɨɢa; Proto-Taa: *u-,Proto-Lezgian: *sːän; Proto-Nakh: *šo; Proto-Yeniseian: *sɨɢa; Proto-Taa: *u-; Ancient Attic Greek (Plato) [grc]: eni=awtó-s {ἐνιαυτός}
219,brother,branch_oceanic_amerind,Proto-Sapiens Oceanicus & Americanus (Праокеанический / Праамериндский),*tA,tA,0.7,"Reconstructed stem *tA with initial labial/dental stop, open vowel, and preserved root structure.",Reconstructed via comparative macrofamily root,Cross-macrofamily structural synthesis
220,sister,branch_oceanic_amerind,Proto-Sapiens Oceanicus & Americanus (Праокеанический / Праамериндский),*kʷa,kʷa,0.93,"Reconstructed stem *kʷa with initial labial/dental stop, open vowel, and preserved root structure.",Proto-Cahuapanan: *kʷa; Proto-Jabuti: *ʔi- #,Proto-Cahuapanan: *kʷa; Proto-Jabuti: *ʔi- #; Are'are (Ma'asupa): inau
221,father,branch_oceanic_amerind,Proto-Sapiens Oceanicus & Americanus (Праокеанический / Праамериндский),*ɪa-yɨʔ,ɪa-yɨʔ,0.93,"Reconstructed stem *ɪa-yɨʔ with initial labial/dental stop, open vowel, and preserved root structure.",Proto-Cahuapanan: *ɪa-yɨʔ #; Proto-Jabuti: *toŋ,Proto-Cahuapanan: *ɪa-yɨʔ #; Proto-Jabuti: *toŋ; Are'are (Ma'asupa): piʔa #
222,mother,branch_oceanic_amerind,Proto-Sapiens Oceanicus & Americanus (Праокеанический / Праамериндский),*pA,pA,0.7,"Reconstructed stem *pA with initial labial/dental stop, open vowel, and preserved root structure.",Reconstructed via comparative macrofamily root,Cross-macrofamily structural synthesis
223,water,branch_oceanic_amerind,Proto-Sapiens Oceanicus & Americanus (Праокеанический / Праамериндский),*yɨʔ,yɨʔ,0.98,"Reconstructed stem *yɨʔ with initial labial/dental stop, open vowel, and preserved root structure.",Proto-Cahuapanan: *yɨʔ; Proto-Jabuti: *nbi,Proto-Cahuapanan: *yɨʔ; Proto-Jabuti: *nbi; Classical Maya / Классический майя [myn]: haʼ; Are'are (Ma'asupa): wai; 'Auhelawa [auhe1237]: weʔɐhɐ; bwɐhi
224,fire,branch_oceanic_amerind,Proto-Sapiens Oceanicus & Americanus (Праокеанический / Праамериндский),*pɨn,pɨn,0.98,"Reconstructed stem *pɨn with initial labial/dental stop, open vowel, and preserved root structure.",Proto-Cahuapanan: *pɨn; Proto-Jabuti: *pi=čə,Proto-Cahuapanan: *pɨn; Proto-Jabuti: *pi=čə; Classical Maya / Классический майя [myn]: kʼahkʼ; Are'are (Ma'asupa): suːna; 'Auhelawa [auhe1237]: ʔɐiwɐ
225,sun,branch_oceanic_amerind,Proto-Sapiens Oceanicus & Americanus (Праокеанический / Праамериндский),*təc̢a ~ tɐc̢ɐ,təc̢a ~ tɐc̢ɐ,0.98,"Reconstructed stem *təc̢a ~ tɐc̢ɐ with initial labial/dental stop, open vowel, and preserved root structure.",Proto-Jabuti: *təc̢a ~ *tɐc̢ɐ,Proto-Jabuti: *təc̢a ~ *tɐc̢ɐ; Classical Maya / Классический майя [myn]: kʼin; Are'are (Ma'asupa): saso; Akei (Penantsiro) [akei1237]: mɐtɐ ɐlo; mɐtɐi ɐlo; Ali [kapp1237]: ɐs
226,moon,branch_oceanic_amerind,Proto-Sapiens Oceanicus & Americanus (Праокеанический / Праамериндский),*yuki,yuki,0.98,"Reconstructed stem *yuki with initial labial/dental stop, open vowel, and preserved root structure.",Proto-Cahuapanan: *yuki; Proto-Jabuti: *kupa,Proto-Cahuapanan: *yuki; Proto-Jabuti: *kupa; Classical Maya / Классический майя [myn]: uh; Are'are (Ma'asupa): waro-waro; Ali [kapp1237]: sənɐr; senɐr
227,star,branch_oceanic_amerind,Proto-Sapiens Oceanicus & Americanus (Праокеанический / Праамериндский),*tanyu-ɾa,tanyu-ɾa,0.98,"Reconstructed stem *tanyu-ɾa with initial labial/dental stop, open vowel, and preserved root structure.",Proto-Cahuapanan: *ta(n)yu-ɾa,Proto-Cahuapanan: *ta(n)yu-ɾa; Classical Maya / Классический майя [myn]: ekʼ; Are'are (Ma'asupa): ʔuʔumaːheʔu; 'Auhelawa [auhe1237]: ipwɐlɐ; 'Oyaoya [oyao1237]: kipɐlɐ
228,eye,branch_oceanic_amerind,Proto-Sapiens Oceanicus & Americanus (Праокеанический / Праамериндский),*laya,laya,0.98,"Reconstructed stem *laya with initial labial/dental stop, open vowel, and preserved root structure.",Proto-Cahuapanan: *laya; Proto-Jabuti: *c̢ɐ-ka,Proto-Cahuapanan: *laya; Proto-Jabuti: *c̢ɐ-ka; Classical Maya / Классический майя [myn]: ut / ich; Are'are (Ma'asupa): maː-na; 'Auhelawa [auhe1237]: mehe
229,ear,branch_oceanic_amerind,Proto-Sapiens Oceanicus & Americanus (Праокеанический / Праамериндский),*wɨ,wɨ,0.98,"Reconstructed stem *wɨ with initial labial/dental stop, open vowel, and preserved root structure.",Proto-Cahuapanan: *wɨ; Proto-Jabuti: *nĩ=pɨ,Proto-Cahuapanan: *wɨ; Proto-Jabuti: *nĩ=pɨ; Are'are (Ma'asupa): arina-na; 'Auhelawa [auhe1237]: tenɐ; 'Oyaoya [oyao1237]: bejɐ
230,tooth,branch_oceanic_amerind,Proto-Sapiens Oceanicus & Americanus (Праокеанический / Праамериндский),*la-tɨʔ,la-tɨʔ,0.98,"Reconstructed stem *la-tɨʔ with initial labial/dental stop, open vowel, and preserved root structure.",Proto-Cahuapanan: *la-tɨʔ; Proto-Jabuti: *ᶚɔ,Proto-Cahuapanan: *la-tɨʔ; Proto-Jabuti: *ᶚɔ; Classical Maya / Классический майя [myn]: eh; Are'are (Ma'asupa): niho-na; 'Auhelawa [auhe1237]: sɐlɐ
231,tongue,branch_oceanic_amerind,Proto-Sapiens Oceanicus & Americanus (Праокеанический / Праамериндский),*nɪnɨʔ-ɾa,nɪnɨʔ-ɾa,0.98,"Reconstructed stem *nɪnɨʔ-ɾa with initial labial/dental stop, open vowel, and preserved root structure.",Proto-Cahuapanan: *nɪnɨ(ʔ)-ɾa; Proto-Jabuti: *nũtə,Proto-Cahuapanan: *nɪnɨ(ʔ)-ɾa; Proto-Jabuti: *nũtə; Classical Maya / Классический майя [myn]: akʼ; Are'are (Ma'asupa): mea-na; 'Auhelawa [auhe1237]: ɐlinɐ; memenɐ
232,hand,branch_oceanic_amerind,Proto-Sapiens Oceanicus & Americanus (Праокеанический / Праамериндский),*kʼab,kʼab,0.88,"Reconstructed stem *kʼab with initial labial/dental stop, open vowel, and preserved root structure.",Classical Maya / Классический майя [myn]: kʼab,Classical Maya / Классический майя [myn]: kʼab; Are'are (Ma'asupa): kaikaʔi-na; 'Auhelawa [auhe1237]: nimɐ; 'Oyaoya [oyao1237]: nimɐ; Agutyanen [agut1237]: kɐlimɐ
233,foot,branch_oceanic_amerind,Proto-Sapiens Oceanicus & Americanus (Праокеанический / Праамериндский),*lan-tɨʔ,lan-tɨʔ,0.98,"Reconstructed stem *lan-tɨʔ with initial labial/dental stop, open vowel, and preserved root structure.",Proto-Cahuapanan: *lan-tɨʔ; Proto-Jabuti: *pɾay,Proto-Cahuapanan: *lan-tɨʔ; Proto-Jabuti: *pɾay; Classical Maya / Классический майя [myn]: ok; Are'are (Ma'asupa): aʔe-na; Ali [kapp1237]: lɐwiə; lɐwe
234,head,branch_oceanic_amerind,Proto-Sapiens Oceanicus & Americanus (Праокеанический / Праамериндский),*mutuʔ,mutuʔ,0.98,"Reconstructed stem *mutuʔ with initial labial/dental stop, open vowel, and preserved root structure.",Proto-Cahuapanan: *mutuʔ; Proto-Jabuti: *kay,Proto-Cahuapanan: *mutuʔ; Proto-Jabuti: *kay; Classical Maya / Классический майя [myn]: hol; Are'are (Ma'asupa): pau-na; Ali [kapp1237]: rəmɐtɐpu; rɐmetɐpu
235,heart,branch_oceanic_amerind,Proto-Sapiens Oceanicus & Americanus (Праокеанический / Праамериндский),*yɪnlupɪ,yɪnlupɪ,0.98,"Reconstructed stem *yɪnlupɪ with initial labial/dental stop, open vowel, and preserved root structure.",Proto-Cahuapanan: *yɪnlupɪ; Proto-Jabuti: *nbə=tɨtɨ-ka ~ *nbə=tutu-ka,Proto-Cahuapanan: *yɪnlupɪ; Proto-Jabuti: *nbə=tɨtɨ-ka ~ *nbə=tutu-ka; Classical Maya / Классический майя [myn]: oʼhl; Are'are (Ma'asupa): sae-na; Ali [kapp1237]: ɲitɐpu; ɐti
236,blood,branch_oceanic_amerind,Proto-Sapiens Oceanicus & Americanus (Праокеанический / Праамериндский),*wɨla-yɨʔ,wɨla-yɨʔ,0.98,"Reconstructed stem *wɨla-yɨʔ with initial labial/dental stop, open vowel, and preserved root structure.",Proto-Cahuapanan: *wɨla-yɨʔ,Proto-Cahuapanan: *wɨla-yɨʔ; Classical Maya / Классический майя [myn]: chʼichʼ / kikʼ; Are'are (Ma'asupa): ʔapu-na; 'Auhelawa [auhe1237]: ʔwɐ; ʔwɐhinɐ; 'Oyaoya [oyao1237]: dɐlɐhɐ
237,bone,branch_oceanic_amerind,Proto-Sapiens Oceanicus & Americanus (Праокеанический / Праамериндский),*lansɪʔ ~ lansɨʔ,lansɪʔ ~ lansɨʔ,0.98,"Reconstructed stem *lansɪʔ ~ lansɨʔ with initial labial/dental stop, open vowel, and preserved root structure.",Proto-Cahuapanan: *lansɪʔ ~ *lansɨʔ; Proto-Jabuti: *ǯi ~ *ʔi,Proto-Cahuapanan: *lansɪʔ ~ *lansɨʔ; Proto-Jabuti: *ǯi ~ *ʔi; Classical Maya / Классический майя [myn]: baak; Are'are (Ma'asupa): susuri-na; 'Auhelawa [auhe1237]: lihilihijɐ
238,one,branch_oceanic_amerind,Proto-Sapiens Oceanicus & Americanus (Праокеанический / Праамериндский),*aʼlaʔ,aʼlaʔ,0.98,"Reconstructed stem *aʼlaʔ with initial labial/dental stop, open vowel, and preserved root structure.",Proto-Cahuapanan: *aʼlaʔ; Proto-Jabuti: *ǯi ~ *ʔi,Proto-Cahuapanan: *aʼlaʔ; Proto-Jabuti: *ǯi ~ *ʔi; Are'are (Ma'asupa): eːta; 'Auhelawa [auhe1237]: ʔehebo; emosi; 'Oyaoya [oyao1237]: ɐsebo
239,two,branch_oceanic_amerind,Proto-Sapiens Oceanicus & Americanus (Праокеанический / Праамериндский),*katuʔ,katuʔ,0.98,"Reconstructed stem *katuʔ with initial labial/dental stop, open vowel, and preserved root structure.",Proto-Cahuapanan: *katuʔ; Proto-Jabuti: *ngɾɛnbo ~ *ngɾenbo #,Proto-Cahuapanan: *katuʔ; Proto-Jabuti: *ngɾɛnbo ~ *ngɾenbo #; Are'are (Ma'asupa): rua; 'Auhelawa [auhe1237]: bwɐu; 'Oyaoya [oyao1237]: bwɐhu
240,who,branch_oceanic_amerind,Proto-Sapiens Oceanicus & Americanus (Праокеанический / Праамериндский),*yɨn,yɨn,0.98,"Reconstructed stem *yɨn with initial labial/dental stop, open vowel, and preserved root structure.",Proto-Cahuapanan: *yɨn; Proto-Jabuti: *c̢ɛɔ-,Proto-Cahuapanan: *yɨn; Proto-Jabuti: *c̢ɛɔ-; Are'are (Ma'asupa): a=tei; Ali [kapp1237]: asei; kɐlɐkɐlei; Arop [arop1242]: inɐn
241,what,branch_oceanic_amerind,Proto-Sapiens Oceanicus & Americanus (Праокеанический / Праамериндский),*maʔ,maʔ,0.98,"Reconstructed stem *maʔ with initial labial/dental stop, open vowel, and preserved root structure.",Proto-Cahuapanan: *maʔ,Proto-Cahuapanan: *maʔ; Are'are (Ma'asupa): a=taː; Ali [kapp1237]: sɐi; so sei; Arop [arop1242]: oɐnen; Babuza Ts82 [babu1240]: nummɐ
242,thou,branch_oceanic_amerind,Proto-Sapiens Oceanicus & Americanus (Праокеанический / Праамериндский),*kɨnma,kɨnma,0.98,"Reconstructed stem *kɨnma with initial labial/dental stop, open vowel, and preserved root structure.",Proto-Cahuapanan: *kɨnma; Proto-Jabuti: *ʔa-,Proto-Cahuapanan: *kɨnma; Proto-Jabuti: *ʔa-; Are'are (Ma'asupa): iʔoe; 'Auhelawa [auhe1237]: owɐ; 'Oyaoya [oyao1237]: oju
243,we,branch_oceanic_amerind,Proto-Sapiens Oceanicus & Americanus (Праокеанический / Праамериндский),*kampuʔ,kampuʔ,0.98,"Reconstructed stem *kampuʔ with initial labial/dental stop, open vowel, and preserved root structure.",Proto-Cahuapanan: *kampuʔ; *kuya; Proto-Jabuti: *c̢i,Proto-Cahuapanan: *kampuʔ; *kuya; Proto-Jabuti: *c̢i; Are'are (Ma'asupa): i=kɔru; 'Auhelawa [auhe1237]: ɐi; 'Oyaoya [oyao1237]: ɐwɐi
244,i,branch_oceanic_amerind,Proto-Sapiens Oceanicus & Americanus (Праокеанический / Праамериндский),*kʷa,kʷa,0.98,"Reconstructed stem *kʷa with initial labial/dental stop, open vowel, and preserved root structure.",Proto-Cahuapanan: *kʷa; Proto-Jabuti: *ʔi- #,Proto-Cahuapanan: *kʷa; Proto-Jabuti: *ʔi- #; Are'are (Ma'asupa): inau; 'Auhelawa [auhe1237]: jɐo; jɐu; 'Oyaoya [oyao1237]: jɐu
245,die,branch_oceanic_amerind,Proto-Sapiens Oceanicus & Americanus (Праокеанический / Праамериндский),*timin-,timin-,0.98,"Reconstructed stem *timin- with initial labial/dental stop, open vowel, and preserved root structure.",Proto-Cahuapanan: *timin-; Proto-Jabuti: *ʔi- #,Proto-Cahuapanan: *timin-; Proto-Jabuti: *ʔi- #; Are'are (Ma'asupa): mae; 'Auhelawa [auhe1237]: mwɐlowoi; 'Oyaoya [oyao1237]: mɐte
246,come,branch_oceanic_amerind,Proto-Sapiens Oceanicus & Americanus (Праокеанический / Праамериндский),*wɨʔ- / wɨk-,wɨʔ- / wɨk-,0.98,"Reconstructed stem *wɨʔ- / wɨk- with initial labial/dental stop, open vowel, and preserved root structure.",Proto-Cahuapanan: *wɨʔ- / *wɨk-; Proto-Jabuti: *pɾəy,Proto-Cahuapanan: *wɨʔ- / *wɨk-; Proto-Jabuti: *pɾəy; Are'are (Ma'asupa): rae-mai; 'Auhelawa [auhe1237]: lɐomɐ; 'Oyaoya [oyao1237]: ulɐomɐ
247,eat,branch_oceanic_amerind,Proto-Sapiens Oceanicus & Americanus (Праокеанический / Праамериндский),*kaʔ- / kap-,kaʔ- / kap-,0.98,"Reconstructed stem *kaʔ- / kap- with initial labial/dental stop, open vowel, and preserved root structure.",Proto-Cahuapanan: *kaʔ- / *kap-; Proto-Jabuti: *ko; *po,Proto-Cahuapanan: *kaʔ- / *kap-; Proto-Jabuti: *ko; *po; Are'are (Ma'asupa): nau; Ali [kapp1237]: əʔiəŋ; eiŋ; Arop [arop1242]: ʔɐɲ
248,drink,branch_oceanic_amerind,Proto-Sapiens Oceanicus & Americanus (Праокеанический / Праамериндский),*u-,u-,0.98,"Reconstructed stem *u- with initial labial/dental stop, open vowel, and preserved root structure.",Proto-Cahuapanan: *u-; Proto-Jabuti: *ʔɔ #,Proto-Cahuapanan: *u-; Proto-Jabuti: *ʔɔ #; Are'are (Ma'asupa): ino; 'Auhelawa [auhe1237]: numɐ; 'Oyaoya [oyao1237]: numɐ
249,dog,branch_oceanic_amerind,Proto-Sapiens Oceanicus & Americanus (Праокеанический / Праамериндский),*niʼniʔ,niʼniʔ,0.98,"Reconstructed stem *niʼniʔ with initial labial/dental stop, open vowel, and preserved root structure.",Proto-Cahuapanan: *niʼniʔ; Proto-Jabuti: *way #,Proto-Cahuapanan: *niʼniʔ; Proto-Jabuti: *way #; Classical Maya / Классический майя [myn]: tzʼiʼ / ok; Are'are (Ma'asupa): kukui; 'Auhelawa [auhe1237]: ʔedewɐ
250,fish,branch_oceanic_amerind,Proto-Sapiens Oceanicus & Americanus (Праокеанический / Праамериндский),*sami,sami,0.98,"Reconstructed stem *sami with initial labial/dental stop, open vowel, and preserved root structure.",Proto-Cahuapanan: *sami; Proto-Jabuti: *mĩnũ,Proto-Cahuapanan: *sami; Proto-Jabuti: *mĩnũ; Classical Maya / Классический майя [myn]: chay; Are'are (Ma'asupa): waisiʔa; 'Auhelawa [auhe1237]: jɐmɐ
251,tree,branch_oceanic_amerind,Proto-Sapiens Oceanicus & Americanus (Праокеанический / Праамериндский),*naɾa,naɾa,0.98,"Reconstructed stem *naɾa with initial labial/dental stop, open vowel, and preserved root structure.",Proto-Cahuapanan: *naɾa; Proto-Jabuti: *ku,Proto-Cahuapanan: *naɾa; Proto-Jabuti: *ku; Classical Maya / Классический майя [myn]: teʼ; Are'are (Ma'asupa): ʔai; Akei (Penantsiro) [akei1237]: lɐiɐu; lɐʔɐu
252,stone,branch_oceanic_amerind,Proto-Sapiens Oceanicus & Americanus (Праокеанический / Праамериндский),*laʔpɪ,laʔpɪ,0.98,"Reconstructed stem *laʔpɪ with initial labial/dental stop, open vowel, and preserved root structure.",Proto-Cahuapanan: *laʔpɪ; Proto-Jabuti: *kɾa,Proto-Cahuapanan: *laʔpɪ; Proto-Jabuti: *kɾa; Classical Maya / Классический майя [myn]: tuun; Are'are (Ma'asupa): hau; 'Auhelawa [auhe1237]: gɐimɐ
253,night,branch_oceanic_amerind,Proto-Sapiens Oceanicus & Americanus (Праокеанический / Праамериндский),*kʷa,kʷa,0.98,"Reconstructed stem *kʷa with initial labial/dental stop, open vowel, and preserved root structure.",Proto-Cahuapanan: *kʷa; Proto-Jabuti: *ʔi- #,Proto-Cahuapanan: *kʷa; Proto-Jabuti: *ʔi- #; Classical Maya / Классический майя [myn]: ahkʼab; Are'are (Ma'asupa): hau=roto; 'Auhelawa [auhe1237]: mɐsigili
254,name,branch_oceanic_amerind,Proto-Sapiens Oceanicus & Americanus (Праокеанический / Праамериндский),*lɪn ~ lɪn-lɪn,lɪn ~ lɪn-lɪn,0.98,"Reconstructed stem *lɪn ~ lɪn-lɪn with initial labial/dental stop, open vowel, and preserved root structure.",Proto-Cahuapanan: *lɪn ~ *lɪn-lɪn; Proto-Jabuti: *taŋc̢i,Proto-Cahuapanan: *lɪn ~ *lɪn-lɪn; Proto-Jabuti: *taŋc̢i; Classical Maya / Классический майя [myn]: kʼabaʼ; Are'are (Ma'asupa): sasa-na; 'Auhelawa [auhe1237]: jehɐ
255,burn,branch_oceanic_amerind,Proto-Sapiens Oceanicus & Americanus (Праокеанический / Праамериндский),*aʼpɨʔ-,aʼpɨʔ-,0.98,"Reconstructed stem *aʼpɨʔ- with initial labial/dental stop, open vowel, and preserved root structure.",Proto-Cahuapanan: *aʼpɨ(ʔ)- #; Proto-Jabuti: *čə,Proto-Cahuapanan: *aʼpɨ(ʔ)- #; Proto-Jabuti: *čə; Are'are (Ma'asupa): sunia; Ali [kapp1237]: meinɐl; Babuza Ts82 [babu1240]: tʃummɐr
256,full,branch_oceanic_amerind,Proto-Sapiens Oceanicus & Americanus (Праокеанический / Праамериндский),*nbɘy,nbɘy,0.98,"Reconstructed stem *nbɘy with initial labial/dental stop, open vowel, and preserved root structure.",Proto-Jabuti: *nbɘy,Proto-Jabuti: *nbɘy; Are'are (Ma'asupa): hɔnu; Ali [kapp1237]: tɐmot; Alor (Baranusa Kabir Dialect) [alor1247]: pɐnoŋ; Ambel [waig1244]: ɐnhon
257,give,branch_oceanic_amerind,Proto-Sapiens Oceanicus & Americanus (Праокеанический / Праамериндский),*kʷa,kʷa,0.98,"Reconstructed stem *kʷa with initial labial/dental stop, open vowel, and preserved root structure.",Proto-Cahuapanan: *kʷa; Proto-Jabuti: *ʔũ,Proto-Cahuapanan: *kʷa; Proto-Jabuti: *ʔũ; Are'are (Ma'asupa): ni-a; Ali [kapp1237]: itenom; Arop [arop1242]: etʃ
258,good,branch_oceanic_amerind,Proto-Sapiens Oceanicus & Americanus (Праокеанический / Праамериндский),*paʔ- / pak-,paʔ- / pak-,0.98,"Reconstructed stem *paʔ- / pak- with initial labial/dental stop, open vowel, and preserved root structure.",Proto-Cahuapanan: *paʔ- / *pak-; Proto-Jabuti: *c̢aɣi #,Proto-Cahuapanan: *paʔ- / *pak-; Proto-Jabuti: *c̢aɣi #; Are'are (Ma'asupa): siani; Ali [kapp1237]: wɐnɐŋ; wɐneŋ; Arop [arop1242]: on; tɐw
259,new,branch_oceanic_amerind,Proto-Sapiens Oceanicus & Americanus (Праокеанический / Праамериндский),*=təy,=təy,0.98,"Reconstructed stem *=təy with initial labial/dental stop, open vowel, and preserved root structure.",Proto-Jabuti: *=təy,Proto-Jabuti: *=təy; Are'are (Ma'asupa): haɔru; 'Auhelawa [auhe1237]: vɐuvɐu; 'Oyaoya [oyao1237]: fɐufɐu; Agutyanen [agut1237]: bɐlo
260,red,branch_oceanic_amerind,Proto-Sapiens Oceanicus & Americanus (Праокеанический / Праамериндский),*nũɾɐɔ,nũɾɐɔ,0.98,"Reconstructed stem *nũɾɐɔ with initial labial/dental stop, open vowel, and preserved root structure.",Proto-Jabuti: *nũɾɐɔ,Proto-Jabuti: *nũɾɐɔ; Are'are (Ma'asupa): memeraʔa; Ali [kapp1237]: rɐmur; Arop [arop1242]: wemew; Babuza Ts82 [babu1240]: mɐkɐkɐs; mɐkɐkɐn
261,white,branch_oceanic_amerind,Proto-Sapiens Oceanicus & Americanus (Праокеанический / Праамериндский),*yaya-,yaya-,0.98,"Reconstructed stem *yaya- with initial labial/dental stop, open vowel, and preserved root structure.",Proto-Cahuapanan: *yaya-; Proto-Jabuti: *ʔi- #,Proto-Cahuapanan: *yaya-; Proto-Jabuti: *ʔi- #; Are'are (Ma'asupa): ʔeʔekeʔa; Ali [kapp1237]: pous; pos; Babuza Ts82 [babu1240]: mɐbukkɐs; osi
262,black,branch_oceanic_amerind,Proto-Sapiens Oceanicus & Americanus (Праокеанический / Праамериндский),*pupuruʔa,pupuruʔa,0.88,"Reconstructed stem *pupuruʔa with initial labial/dental stop, open vowel, and preserved root structure.",Are'are (Ma'asupa): pupuruʔa,Are'are (Ma'asupa): pupuruʔa; Ali [kapp1237]: tʲumutʲ; tʲemutʲ; Arop [arop1242]: neknek; Babuza Ts82 [babu1240]: mɐkosum; Gimán [gane1237]: kidkudɐ
263,stand,branch_oceanic_amerind,Proto-Sapiens Oceanicus & Americanus (Праокеанический / Праамериндский),*wani-,wani-,0.98,"Reconstructed stem *wani- with initial labial/dental stop, open vowel, and preserved root structure.",Proto-Cahuapanan: *wani-,Proto-Cahuapanan: *wani-; Are'are (Ma'asupa): ura; Ali [kapp1237]: ulul; tojɐt; Arop [arop1242]: to; Babuza Ts82 [babu1240]: mbɐrri; mɐseɐs
264,sit,branch_oceanic_amerind,Proto-Sapiens Oceanicus & Americanus (Праокеанический / Праамериндский),*kʷa,kʷa,0.98,"Reconstructed stem *kʷa with initial labial/dental stop, open vowel, and preserved root structure.",Proto-Cahuapanan: *kʷa; Proto-Jabuti: *nṼ,Proto-Cahuapanan: *kʷa; Proto-Jabuti: *nṼ; Are'are (Ma'asupa): iʔo; Ali [kapp1237]: ŋsi; Arop [arop1242]: men
265,see,branch_oceanic_amerind,Proto-Sapiens Oceanicus & Americanus (Праокеанический / Праамериндский),*lɪʔ- / lɪk-,lɪʔ- / lɪk-,0.98,"Reconstructed stem *lɪʔ- / lɪk- with initial labial/dental stop, open vowel, and preserved root structure.",Proto-Cahuapanan: *lɪʔ- / *lɪk-; Proto-Jabuti: *ʔɔyɾɐ,Proto-Cahuapanan: *lɪʔ- / *lɪk-; Proto-Jabuti: *ʔɔyɾɐ; Are'are (Ma'asupa): riosia; 'Auhelawa [auhe1237]: itɐ; 'Oyaoya [oyao1237]: itɐ
266,hear,branch_oceanic_amerind,Proto-Sapiens Oceanicus & Americanus (Праокеанический / Праамериндский),*wɨ,wɨ,0.98,"Reconstructed stem *wɨ with initial labial/dental stop, open vowel, and preserved root structure.",Proto-Cahuapanan: *wɨ; Proto-Jabuti: *nbə,Proto-Cahuapanan: *wɨ; Proto-Jabuti: *nbə; Are'are (Ma'asupa): rono; 'Auhelawa [auhe1237]: benɐli; 'Oyaoya [oyao1237]: fɐisɐwɐle
267,know,branch_oceanic_amerind,Proto-Sapiens Oceanicus & Americanus (Праокеанический / Праамериндский),*nbə,nbə,0.98,"Reconstructed stem *nbə with initial labial/dental stop, open vowel, and preserved root structure.",Proto-Jabuti: *nbə,Proto-Jabuti: *nbə; Are'are (Ma'asupa): saea; Ali [kapp1237]: kɐruŋ; Babuza Ts82 [babu1240]: mɐbɐ; Gimán [gane1237]: unɐk
268,rain,branch_oceanic_amerind,Proto-Sapiens Oceanicus & Americanus (Праокеанический / Праамериндский),*uʔlan,uʔlan,0.98,"Reconstructed stem *uʔlan with initial labial/dental stop, open vowel, and preserved root structure.",Proto-Cahuapanan: *uʔlan; Proto-Jabuti: *ny,Proto-Cahuapanan: *uʔlan; Proto-Jabuti: *ny; Are'are (Ma'asupa): nemo; Ali [kapp1237]: pɐrei; wup; Arop [arop1242]: wus
269,all,branch_oceanic_amerind,Proto-Sapiens Oceanicus & Americanus (Праокеанический / Праамериндский),*yami,yami,0.98,"Reconstructed stem *yami with initial labial/dental stop, open vowel, and preserved root structure.",Proto-Cahuapanan: *yami; Proto-Jabuti: *nbɘy,Proto-Cahuapanan: *yami; Proto-Jabuti: *nbɘy; Are'are (Ma'asupa): maimai; Ali [kapp1237]: tɐrtɐr; Arop [arop1242]: mɐnɐ
270,ashes,branch_oceanic_amerind,Proto-Sapiens Oceanicus & Americanus (Праокеанический / Праамериндский),*ya-luʔ,ya-luʔ,0.98,"Reconstructed stem *ya-luʔ with initial labial/dental stop, open vowel, and preserved root structure.",Proto-Cahuapanan: *ya-luʔ; Proto-Jabuti: *=nbɾəŋ,Proto-Cahuapanan: *ya-luʔ; Proto-Jabuti: *=nbɾəŋ; Are'are (Ma'asupa): kora-kora; Ali [kapp1237]: tɐiŋ; pesuŋ; Babuza Ts82 [babu1240]: ɐbo
271,bark,branch_oceanic_amerind,Proto-Sapiens Oceanicus & Americanus (Праокеанический / Праамериндский),*kə,kə,0.98,"Reconstructed stem *kə with initial labial/dental stop, open vowel, and preserved root structure.",Proto-Jabuti: *kə,Proto-Jabuti: *kə; Are'are (Ma'asupa): teʔeteʔena; Ali [kapp1237]: ɐi wuliŋ; wuli; Gitua [gitu1237]: ɐiwili; Hula [hula1239]: kopi
272,belly,branch_oceanic_amerind,Proto-Sapiens Oceanicus & Americanus (Праокеанический / Праамериндский),*yuʔ,yuʔ,0.98,"Reconstructed stem *yuʔ with initial labial/dental stop, open vowel, and preserved root structure.",Proto-Cahuapanan: *yuʔ; Proto-Jabuti: *pɾi-ka,Proto-Cahuapanan: *yuʔ; Proto-Jabuti: *pɾi-ka; Are'are (Ma'asupa): opa-na; Ali [kapp1237]: pəlɐpiə; pei; Babuza Ts82 [babu1240]: tʃɐn
273,big,branch_oceanic_amerind,Proto-Sapiens Oceanicus & Americanus (Праокеанический / Праамериндский),*kʷa,kʷa,0.98,"Reconstructed stem *kʷa with initial labial/dental stop, open vowel, and preserved root structure.",Proto-Cahuapanan: *kʷa; Proto-Jabuti: *čiči,Proto-Cahuapanan: *kʷa; Proto-Jabuti: *čiči; Are'are (Ma'asupa): pai-na; Ali [kapp1237]: pɐlja; pɐls; Arop [arop1242]: prum
274,bird,branch_oceanic_amerind,Proto-Sapiens Oceanicus & Americanus (Праокеанический / Праамериндский),*ɪlansiʔ,ɪlansiʔ,0.98,"Reconstructed stem *ɪlansiʔ with initial labial/dental stop, open vowel, and preserved root structure.",Proto-Cahuapanan: *ɪlansiʔ; Proto-Jabuti: *nbɨkɾɔy,Proto-Cahuapanan: *ɪlansiʔ; Proto-Jabuti: *nbɨkɾɔy; Are'are (Ma'asupa): manu; Ali [kapp1237]: miəŋ; mieŋ; Arop [arop1242]: mɐɲ
275,bite,branch_oceanic_amerind,Proto-Sapiens Oceanicus & Americanus (Праокеанический / Праамериндский),*kɪtɨʔ-,kɪtɨʔ-,0.98,"Reconstructed stem *kɪtɨʔ- with initial labial/dental stop, open vowel, and preserved root structure.",Proto-Cahuapanan: *kɪtɨ(ʔ)-; Proto-Jabuti: *ʔi- #,Proto-Cahuapanan: *kɪtɨ(ʔ)-; Proto-Jabuti: *ʔi- #; Are'are (Ma'asupa): ʔaraia; Ali [kapp1237]: ɐr; Babuza Ts82 [babu1240]: mɐgkɐgʰ
276,claw / nail,branch_oceanic_amerind,Proto-Sapiens Oceanicus & Americanus (Праокеанический / Праамериндский),*tuʔ-tɨʔ-ɾa,tuʔ-tɨʔ-ɾa,0.98,"Reconstructed stem *tuʔ-tɨʔ-ɾa with initial labial/dental stop, open vowel, and preserved root structure.",Proto-Cahuapanan: *tuʔ-tɨʔ-ɾa; Proto-Jabuti: *nĩ=kətəy,Proto-Cahuapanan: *tuʔ-tɨʔ-ɾa; Proto-Jabuti: *nĩ=kətəy; Are'are (Ma'asupa): inau; Ali [kapp1237]: pɐitʲi; pɐtji; Gitua [gitu1237]: pitiŋɐ
277,cloud,branch_oceanic_amerind,Proto-Sapiens Oceanicus & Americanus (Праокеанический / Праамериндский),*wahawaha,wahawaha,0.88,"Reconstructed stem *wahawaha with initial labial/dental stop, open vowel, and preserved root structure.",Are'are (Ma'asupa): wahawaha,Are'are (Ma'asupa): wahawaha; Ali [kapp1237]: louŋ; lɐuŋ; Babuza Ts82 [babu1240]: rɐbbo; Gimán [gane1237]: mɐlukut; Gitua [gitu1237]: tɐitɐi
278,cold,branch_oceanic_amerind,Proto-Sapiens Oceanicus & Americanus (Праокеанический / Праамериндский),*ǯiǯi,ǯiǯi,0.98,"Reconstructed stem *ǯiǯi with initial labial/dental stop, open vowel, and preserved root structure.",Proto-Jabuti: *ǯiǯi,Proto-Jabuti: *ǯiǯi; Are'are (Ma'asupa): mamaʔuːsi; Ali [kapp1237]: mɐtʲitʲ; Arop [arop1242]: rin; Babuza Ts82 [babu1240]: mɐru; mɐsumɐk
279,dry,branch_oceanic_amerind,Proto-Sapiens Oceanicus & Americanus (Праокеанический / Праамериндский),*nbɾə,nbɾə,0.98,"Reconstructed stem *nbɾə with initial labial/dental stop, open vowel, and preserved root structure.",Proto-Jabuti: *nbɾə #,Proto-Jabuti: *nbɾə #; Are'are (Ma'asupa): aʔ=ate; Ali [kapp1237]: kopuŋ; Arop [arop1242]: lɐn; Babuza Ts82 [babu1240]: mɐtʃɐ
280,feather,branch_oceanic_amerind,Proto-Sapiens Oceanicus & Americanus (Праокеанический / Праамериндский),*ampuʔɾuʔ,ampuʔɾuʔ,0.98,"Reconstructed stem *ampuʔɾuʔ with initial labial/dental stop, open vowel, and preserved root structure.",Proto-Cahuapanan: *ampu(ʔ)ɾuʔ; Proto-Jabuti: *c̢i ~ *ʔi,Proto-Cahuapanan: *ampu(ʔ)ɾuʔ; Proto-Jabuti: *c̢i ~ *ʔi; Are'are (Ma'asupa): warahu-na; Ali [kapp1237]: lou; mieŋ lɐuŋ; Arop [arop1242]: ɐloiɲ
281,fly,branch_oceanic_amerind,Proto-Sapiens Oceanicus & Americanus (Праокеанический / Праамериндский),*pɨn-,pɨn-,0.98,"Reconstructed stem *pɨn- with initial labial/dental stop, open vowel, and preserved root structure.",Proto-Cahuapanan: *pɨn-; Proto-Jabuti: *ᶚɔpɔ,Proto-Cahuapanan: *pɨn-; Proto-Jabuti: *ᶚɔpɔ; Are'are (Ma'asupa): roho; Ali [kapp1237]: ro; Babuza Ts82 [babu1240]: mɐbɐrt
282,hair,branch_oceanic_amerind,Proto-Sapiens Oceanicus & Americanus (Праокеанический / Праамериндский),*in,in,0.98,"Reconstructed stem *in with initial labial/dental stop, open vowel, and preserved root structure.",Proto-Cahuapanan: *in; Proto-Jabuti: *c̢i ~ *ʔi,Proto-Cahuapanan: *in; Proto-Jabuti: *c̢i ~ *ʔi; Are'are (Ma'asupa): inau; Ali [kapp1237]: lou; rɐmilɐu; Arop [arop1242]: remie
283,horn,branch_oceanic_amerind,Proto-Sapiens Oceanicus & Americanus (Праокеанический / Праамериндский),*pɨnmun,pɨnmun,0.98,"Reconstructed stem *pɨnmun with initial labial/dental stop, open vowel, and preserved root structure.",Proto-Cahuapanan: *pɨnmun; Proto-Jabuti: *=ku,Proto-Cahuapanan: *pɨnmun; Proto-Jabuti: *=ku; Alor (Baranusa Kabir Dialect) [alor1247]: ruhɐ; Antandroy [tand1256]: tsifɐ; tsifɐni; Antankarana [anta1255]: tɐndruku
284,kill,branch_oceanic_amerind,Proto-Sapiens Oceanicus & Americanus (Праокеанический / Праамериндский),*kʷa,kʷa,0.98,"Reconstructed stem *kʷa with initial labial/dental stop, open vowel, and preserved root structure.",Proto-Cahuapanan: *kʷa; Proto-Jabuti: *ʔi- #,Proto-Cahuapanan: *kʷa; Proto-Jabuti: *ʔi- #; Are'are (Ma'asupa): horoʔia; Ali [kapp1237]: lɐŋ mit; Arop [arop1242]: lɐ
285,knee,branch_oceanic_amerind,Proto-Sapiens Oceanicus & Americanus (Праокеанический / Праамериндский),*tuʔtuʔpɪ,tuʔtuʔpɪ,0.98,"Reconstructed stem *tuʔtuʔpɪ with initial labial/dental stop, open vowel, and preserved root structure.",Proto-Cahuapanan: *tuʔtuʔpɪ; Proto-Jabuti: *pɛpɛ ~ *nbɛpɛ,Proto-Cahuapanan: *tuʔtuʔpɪ; Proto-Jabuti: *pɛpɛ ~ *nbɛpɛ; Are'are (Ma'asupa): uruːruʔana; Akei (Penantsiro) [akei1237]: pɐu; Ali [kapp1237]: pɐrurumiɐ; pɐrɐremi
286,leaf,branch_oceanic_amerind,Proto-Sapiens Oceanicus & Americanus (Праокеанический / Праамериндский),*nĩ,nĩ,0.98,"Reconstructed stem *nĩ with initial labial/dental stop, open vowel, and preserved root structure.",Proto-Jabuti: *nĩ; *ᶚaɾɔ ~ *ǯaɾɔ ~ *čaɾɔ,Proto-Jabuti: *nĩ; *ᶚaɾɔ ~ *ǯaɾɔ ~ *čaɾɔ; Are'are (Ma'asupa): ʔaʔapa-na; 'Auhelawa [auhe1237]: lugulugu; 'Oyaoya [oyao1237]: tɐhɐuhɐufidɐnɐ; Agutyanen [agut1237]: dɐon
287,lie,branch_oceanic_amerind,Proto-Sapiens Oceanicus & Americanus (Праокеанический / Праамериндский),*kʷa,kʷa,0.98,"Reconstructed stem *kʷa with initial labial/dental stop, open vowel, and preserved root structure.",Proto-Cahuapanan: *kʷa; Proto-Jabuti: *ʔi- #,Proto-Cahuapanan: *kʷa; Proto-Jabuti: *ʔi- #; Are'are (Ma'asupa): eno; Ali [kapp1237]: nɐŋ; Arop [arop1242]: on
288,liver,branch_oceanic_amerind,Proto-Sapiens Oceanicus & Americanus (Праокеанический / Праамериндский),*kaŋkan,kaŋkan,0.98,"Reconstructed stem *kaŋkan with initial labial/dental stop, open vowel, and preserved root structure.",Proto-Cahuapanan: *kaŋkan; Proto-Jabuti: *nbə,Proto-Cahuapanan: *kaŋkan; Proto-Jabuti: *nbə; Are'are (Ma'asupa): sae ʔouʔohuna; 'Auhelawa [auhe1237]: ɐte; 'Oyaoya [oyao1237]: ɐte
289,long,branch_oceanic_amerind,Proto-Sapiens Oceanicus & Americanus (Праокеанический / Праамериндский),*təɾɘy,təɾɘy,0.98,"Reconstructed stem *təɾɘy with initial labial/dental stop, open vowel, and preserved root structure.",Proto-Jabuti: *təɾɘy,Proto-Jabuti: *təɾɘy; Are'are (Ma'asupa): teva; Ali [kapp1237]: məlɐu; melɐu; Arop [arop1242]: teken; Babuza Ts82 [babu1240]: mɐsoso; mɐtsilo
290,louse,branch_oceanic_amerind,Proto-Sapiens Oceanicus & Americanus (Праокеанический / Праамериндский),*tɪmɨn,tɪmɨn,0.98,"Reconstructed stem *tɪmɨn with initial labial/dental stop, open vowel, and preserved root structure.",Proto-Cahuapanan: *tɪmɨn; Proto-Jabuti: *taŋ,Proto-Cahuapanan: *tɪmɨn; Proto-Jabuti: *taŋ; Are'are (Ma'asupa): ʔuː; 'Oyaoya [oyao1237]: tumɐ; Agutyanen [agut1237]: oto
291,man,branch_oceanic_amerind,Proto-Sapiens Oceanicus & Americanus (Праокеанический / Праамериндский),*kɨnmaʔ-pɨn ~ kɨnmaʔ-pɪn,kɨnmaʔ-pɨn ~ kɨnmaʔ-pɪn,0.98,"Reconstructed stem *kɨnmaʔ-pɨn ~ kɨnmaʔ-pɪn with initial labial/dental stop, open vowel, and preserved root structure.",Proto-Cahuapanan: *kɨnmaʔ-pɨn ~ *kɨnmaʔ-pɪn; Proto-Jabuti: *pako,Proto-Cahuapanan: *kɨnmaʔ-pɨn ~ *kɨnmaʔ-pɪn; Proto-Jabuti: *pako; Are'are (Ma'asupa): mane; Ali [kapp1237]: rɐmɐ; Arop [arop1242]: nij
292,many,branch_oceanic_amerind,Proto-Sapiens Oceanicus & Americanus (Праокеанический / Праамериндский),*kɨnmaʔ-pɨn ~ kɨnmaʔ-pɪn,kɨnmaʔ-pɨn ~ kɨnmaʔ-pɪn,0.98,"Reconstructed stem *kɨnmaʔ-pɨn ~ kɨnmaʔ-pɪn with initial labial/dental stop, open vowel, and preserved root structure.",Proto-Cahuapanan: *kɨnmaʔ-pɨn ~ *kɨnmaʔ-pɪn,Proto-Cahuapanan: *kɨnmaʔ-pɨn ~ *kɨnmaʔ-pɪn; Are'are (Ma'asupa): hitoʔo; Ali [kapp1237]: mɐlemɐleŋ; Arop [arop1242]: tɐrtɐr; Gitua [gitu1237]: sɐgewɐ
293,meat,branch_oceanic_amerind,Proto-Sapiens Oceanicus & Americanus (Праокеанический / Праамериндский),*kaʔ- / kap-,kaʔ- / kap-,0.98,"Reconstructed stem *kaʔ- / kap- with initial labial/dental stop, open vowel, and preserved root structure.",Proto-Cahuapanan: *kaʔ- / *kap-; Proto-Jabuti: *nĩ,Proto-Cahuapanan: *kaʔ- / *kap-; Proto-Jabuti: *nĩ; Are'are (Ma'asupa): manitana; Ali [kapp1237]: krie; Babuza Ts82 [babu1240]: boɐ
294,mountain,branch_oceanic_amerind,Proto-Sapiens Oceanicus & Americanus (Праокеанический / Праамериндский),*mutupɪ,mutupɪ,0.98,"Reconstructed stem *mutupɪ with initial labial/dental stop, open vowel, and preserved root structure.",Proto-Cahuapanan: *mutupɪ; Proto-Jabuti: *ʔi- #,Proto-Cahuapanan: *mutupɪ; Proto-Jabuti: *ʔi- #; Are'are (Ma'asupa): ire; Akei (Penantsiro) [akei1237]: pɐtibuti; pɐtebuti; Ali [kapp1237]: sɐul
295,mouth,branch_oceanic_amerind,Proto-Sapiens Oceanicus & Americanus (Праокеанический / Праамериндский),*laʔ-laʔ ~ lan-lan / lan-lam-,laʔ-laʔ ~ lan-lan / lan-lam-,0.98,"Reconstructed stem *laʔ-laʔ ~ lan-lan / lan-lam- with initial labial/dental stop, open vowel, and preserved root structure.",Proto-Cahuapanan: *laʔ-laʔ ~ *lan-lan / *lan-lam-; Proto-Jabuti: *ᶚa-kɔ,Proto-Cahuapanan: *laʔ-laʔ ~ *lan-lan / *lan-lam-; Proto-Jabuti: *ᶚa-kɔ; Are'are (Ma'asupa): wawa-na; Ali [kapp1237]: pəri; tʲepi; Babuza Ts82 [babu1240]: rɐnied; sɐbbɐtʃɐ
296,neck,branch_oceanic_amerind,Proto-Sapiens Oceanicus & Americanus (Праокеанический / Праамериндский),*uŋki,uŋki,0.98,"Reconstructed stem *uŋki with initial labial/dental stop, open vowel, and preserved root structure.",Proto-Cahuapanan: *uŋki; Proto-Jabuti: *kɔpɔ,Proto-Cahuapanan: *uŋki; Proto-Jabuti: *kɔpɔ; Are'are (Ma'asupa): rua-na; Ali [kapp1237]: ɐur; Babuza Ts82 [babu1240]: ri; bokkir
297,nose,branch_oceanic_amerind,Proto-Sapiens Oceanicus & Americanus (Праокеанический / Праамериндский),*ni-tɨʔ,ni-tɨʔ,0.98,"Reconstructed stem *ni-tɨʔ with initial labial/dental stop, open vowel, and preserved root structure.",Proto-Cahuapanan: *ni-tɨʔ; Proto-Jabuti: *nĩ=nĩ,Proto-Cahuapanan: *ni-tɨʔ; Proto-Jabuti: *nĩ=nĩ; Are'are (Ma'asupa): pano-na; 'Auhelawa [auhe1237]: ɐbusu; 'Oyaoya [oyao1237]: isu
298,not,branch_oceanic_amerind,Proto-Sapiens Oceanicus & Americanus (Праокеанический / Праамериндский),*kuʔ,kuʔ,0.98,"Reconstructed stem *kuʔ with initial labial/dental stop, open vowel, and preserved root structure.",Proto-Cahuapanan: *kuʔ; Proto-Jabuti: *tɐ,Proto-Cahuapanan: *kuʔ; Proto-Jabuti: *tɐ; Ali [kapp1237]: kɐp; Arop [arop1242]: elin; Gimán [gane1237]: tes
299,person,branch_oceanic_amerind,Proto-Sapiens Oceanicus & Americanus (Праокеанический / Праамериндский),*kɨnmaʔ,kɨnmaʔ,0.98,"Reconstructed stem *kɨnmaʔ with initial labial/dental stop, open vowel, and preserved root structure.",Proto-Cahuapanan: *kɨnmaʔ,Proto-Cahuapanan: *kɨnmaʔ; Are'are (Ma'asupa): i=noni; 'Auhelawa [auhe1237]: tomowɐ; 'Oyaoya [oyao1237]: lɐwɐ; Agutyanen [agut1237]: tɐw
300,road,branch_oceanic_amerind,Proto-Sapiens Oceanicus & Americanus (Праокеанический / Праамериндский),*wɪ,wɪ,0.98,"Reconstructed stem *wɪ with initial labial/dental stop, open vowel, and preserved root structure.",Proto-Jabuti: *wɪ,Proto-Jabuti: *wɪ; Are'are (Ma'asupa): tara; 'Auhelawa [auhe1237]: ʔɐmwɐhɐ; 'Oyaoya [oyao1237]: edɐ; Agutyanen [agut1237]: dɐlɐn
301,root,branch_oceanic_amerind,Proto-Sapiens Oceanicus & Americanus (Праокеанический / Праамериндский),*ɪ-tɨʔ,ɪ-tɨʔ,0.98,"Reconstructed stem *ɪ-tɨʔ with initial labial/dental stop, open vowel, and preserved root structure.",Proto-Cahuapanan: *ɪ-tɨʔ; Proto-Jabuti: *ᶚaɾi,Proto-Cahuapanan: *ɪ-tɨʔ; Proto-Jabuti: *ᶚaɾi; Are'are (Ma'asupa): ʔiʔimi-na; Ali [kapp1237]: wuŋ; Babuza Ts82 [babu1240]: bossor
302,round,branch_oceanic_amerind,Proto-Sapiens Oceanicus & Americanus (Праокеанический / Праамериндский),*ka,ka,0.98,"Reconstructed stem *ka with initial labial/dental stop, open vowel, and preserved root structure.",Proto-Jabuti: *ka,Proto-Jabuti: *ka; Arop [arop1242]: peʔek; Gitua [gitu1237]: kokopɐriŋɐ; Malalamai [mala1489]: tɐlik; Malasanga [mala1487]: botuno; potuno
303,sand,branch_oceanic_amerind,Proto-Sapiens Oceanicus & Americanus (Праокеанический / Праамериндский),*yi-luʔ-tɨʔ,yi-luʔ-tɨʔ,0.98,"Reconstructed stem *yi-luʔ-tɨʔ with initial labial/dental stop, open vowel, and preserved root structure.",Proto-Cahuapanan: *yi-luʔ-tɨʔ,Proto-Cahuapanan: *yi-luʔ-tɨʔ; Are'are (Ma'asupa): oːne; Ali [kapp1237]: tɐtɐŋ; Arop [arop1242]: lɐmɐs; Babuza Ts82 [babu1240]: bonnɐd
304,say,branch_oceanic_amerind,Proto-Sapiens Oceanicus & Americanus (Праокеанический / Праамериндский),*t-,t-,0.98,"Reconstructed stem *t- with initial labial/dental stop, open vowel, and preserved root structure.",Proto-Cahuapanan: *t-; Proto-Jabuti: *panbɔ ~ *pamũ,Proto-Cahuapanan: *t-; Proto-Jabuti: *panbɔ ~ *pamũ; Are'are (Ma'asupa): unua; Ali [kapp1237]: pɐlɐliŋ; pɐl; Arop [arop1242]: es
305,seed,branch_oceanic_amerind,Proto-Sapiens Oceanicus & Americanus (Праокеанический / Праамериндский),*laya,laya,0.98,"Reconstructed stem *laya with initial labial/dental stop, open vowel, and preserved root structure.",Proto-Cahuapanan: *laya; Proto-Jabuti: *c̢ɐ,Proto-Cahuapanan: *laya; Proto-Jabuti: *c̢ɐ; Are'are (Ma'asupa): ʔuʔu-na; Gitua [gitu1237]: puɐ; Malalamai [mala1489]: jei pɐu
306,skin,branch_oceanic_amerind,Proto-Sapiens Oceanicus & Americanus (Праокеанический / Праамериндский),*kʷa,kʷa,0.98,"Reconstructed stem *kʷa with initial labial/dental stop, open vowel, and preserved root structure.",Proto-Cahuapanan: *kʷa; Proto-Jabuti: *kə,Proto-Cahuapanan: *kʷa; Proto-Jabuti: *kə; Are'are (Ma'asupa): hinasuna; 'Auhelawa [auhe1237]: ʔwɐpi; 'Oyaoya [oyao1237]: oɐpidɐ
307,sleep,branch_oceanic_amerind,Proto-Sapiens Oceanicus & Americanus (Праокеанический / Праамериндский),*wɪ...,wɪ...,0.98,"Reconstructed stem *wɪ... with initial labial/dental stop, open vowel, and preserved root structure.",Proto-Cahuapanan: *wɪ...; Proto-Jabuti: *nũtɐ,Proto-Cahuapanan: *wɪ...; Proto-Jabuti: *nũtɐ; Are'are (Ma'asupa): maʔahu; Ali [kapp1237]: imɐwɐŋ; mɐwɐŋ; Arop [arop1242]: moɲ
308,small,branch_oceanic_amerind,Proto-Sapiens Oceanicus & Americanus (Праокеанический / Праамериндский),*yami,yami,0.98,"Reconstructed stem *yami with initial labial/dental stop, open vowel, and preserved root structure.",Proto-Cahuapanan: *yami; Proto-Jabuti: *nbɘy,Proto-Cahuapanan: *yami; Proto-Jabuti: *nbɘy; Are'are (Ma'asupa): maimai; Ali [kapp1237]: lɐʔɐiŋ; lɐeiŋ; Arop [arop1242]: ɐntonton
309,smoke,branch_oceanic_amerind,Proto-Sapiens Oceanicus & Americanus (Праокеанический / Праамериндский),*tasu,tasu,0.88,"Reconstructed stem *tasu with initial labial/dental stop, open vowel, and preserved root structure.",Are'are (Ma'asupa): tasu,Are'are (Ma'asupa): tasu; Ali [kapp1237]: ɐsuəŋ; kohuŋ; Arop [arop1242]: teɲɐroɲ; Babuza Ts82 [babu1240]: tʃɐtto; Gimán [gane1237]: njɐs
310,snake,branch_oceanic_amerind,Proto-Sapiens Oceanicus & Americanus (Праокеанический / Праамериндский),*yaʔwan,yaʔwan,0.93,"Reconstructed stem *yaʔwan with initial labial/dental stop, open vowel, and preserved root structure.",Proto-Cahuapanan: *yaʔwan; Proto-Jabuti: *mɾɐy,Proto-Cahuapanan: *yaʔwan; Proto-Jabuti: *mɾɐy; Are'are (Ma'asupa): waː
311,swim,branch_oceanic_amerind,Proto-Sapiens Oceanicus & Americanus (Праокеанический / Праамериндский),*ɪyun-,ɪyun-,0.98,"Reconstructed stem *ɪyun- with initial labial/dental stop, open vowel, and preserved root structure.",Proto-Cahuapanan: *(ɪ)yun-; Proto-Jabuti: *ʔi- #,Proto-Cahuapanan: *(ɪ)yun-; Proto-Jabuti: *ʔi- #; Are'are (Ma'asupa): oːroha; Ali [kapp1237]: mom; Babuza Ts82 [babu1240]: summɐso
312,tail,branch_oceanic_amerind,Proto-Sapiens Oceanicus & Americanus (Праокеанический / Праамериндский),*kʷa,kʷa,0.98,"Reconstructed stem *kʷa with initial labial/dental stop, open vowel, and preserved root structure.",Proto-Cahuapanan: *kʷa; Proto-Jabuti: *ʔo,Proto-Cahuapanan: *kʷa; Proto-Jabuti: *ʔo; Are'are (Ma'asupa): kukuʔi-na; Ali [kapp1237]: ɲiʔu; ɲeu; Babuza Ts82 [babu1240]: kier
313,that,branch_oceanic_amerind,Proto-Sapiens Oceanicus & Americanus (Праокеанический / Праамериндский),*...na,...na,0.98,"Reconstructed stem *...na with initial labial/dental stop, open vowel, and preserved root structure.",Proto-Cahuapanan: *...na; Proto-Jabuti: *nbu-,Proto-Cahuapanan: *...na; Proto-Jabuti: *nbu-; Ali [kapp1237]: oŋ; Arop [arop1242]: ono; Gimán [gane1237]: tɐdʒiɐ; tɐdʒɐ
314,this,branch_oceanic_amerind,Proto-Sapiens Oceanicus & Americanus (Праокеанический / Праамериндский),*...suʔ,...suʔ,0.98,"Reconstructed stem *...suʔ with initial labial/dental stop, open vowel, and preserved root structure.",Proto-Cahuapanan: *...suʔ; Proto-Jabuti: *ʔi- #,Proto-Cahuapanan: *...suʔ; Proto-Jabuti: *ʔi- #; Are'are (Ma'asupa): ʔeto; Ali [kapp1237]: kɐ; Arop [arop1242]: ene
315,walk / go,branch_oceanic_amerind,Proto-Sapiens Oceanicus & Americanus (Праокеанический / Праамериндский),*paʔ- / pak-,paʔ- / pak-,0.98,"Reconstructed stem *paʔ- / pak- with initial labial/dental stop, open vowel, and preserved root structure.",Proto-Cahuapanan: *paʔ- / *pak-,Proto-Cahuapanan: *paʔ- / *pak-; Are'are (Ma'asupa): ra ~ rae; Babuza Ts82 [babu1240]: moɐs; Gimán [gane1237]: hɐn; Gitua [gitu1237]: lɐgo
316,warm / hot,branch_oceanic_amerind,Proto-Sapiens Oceanicus & Americanus (Праокеанический / Праамериндский),*čə,čə,0.98,"Reconstructed stem *čə with initial labial/dental stop, open vowel, and preserved root structure.",Proto-Jabuti: *čə,Proto-Jabuti: *čə; Are'are (Ma'asupa): raraka; Ali [kapp1237]: ləpliək; liplip; Babuza Ts82 [babu1240]: tɐdɐtʃ; Gimán [gane1237]: psɐn
317,woman,branch_oceanic_amerind,Proto-Sapiens Oceanicus & Americanus (Праокеанический / Праамериндский),*kɨnmaʔ-pɨn ~ kɨnmaʔ-pɪn,kɨnmaʔ-pɨn ~ kɨnmaʔ-pɪn,0.98,"Reconstructed stem *kɨnmaʔ-pɨn ~ kɨnmaʔ-pɪn with initial labial/dental stop, open vowel, and preserved root structure.",Proto-Cahuapanan: *kɨnmaʔ-pɨn ~ *kɨnmaʔ-pɪn; Proto-Jabuti: *pako,Proto-Cahuapanan: *kɨnmaʔ-pɨn ~ *kɨnmaʔ-pɪn; Proto-Jabuti: *pako; Are'are (Ma'asupa): keːni; Ali [kapp1237]: tɐmiŋ; Arop [arop1242]: temiɲ
318,yellow,branch_oceanic_amerind,Proto-Sapiens Oceanicus & Americanus (Праокеанический / Праамериндский),*šaʔpɪʔ,šaʔpɪʔ,0.98,"Reconstructed stem *šaʔpɪʔ with initial labial/dental stop, open vowel, and preserved root structure.",Proto-Cahuapanan: *šaʔpɪʔ,Proto-Cahuapanan: *šaʔpɪʔ; Are'are (Ma'asupa): saʔisaʔi-ra; Babuza Ts82 [babu1240]: mkɐtʃ; Gimán [gane1237]: mɐdimɐl; Gitua [gitu1237]: pɐintɐi
319,far,branch_oceanic_amerind,Proto-Sapiens Oceanicus & Americanus (Праокеанический / Праамериндский),*ririʔi,ririʔi,0.81,"Reconstructed stem *ririʔi with initial labial/dental stop, open vowel, and preserved root structure.",Are'are (Ma'asupa): ririʔi,Are'are (Ma'asupa): ririʔi
320,heavy,branch_oceanic_amerind,Proto-Sapiens Oceanicus & Americanus (Праокеанический / Праамериндский),*kom ~ kum,kom ~ kum,0.92,"Reconstructed stem *kom ~ kum with initial labial/dental stop, open vowel, and preserved root structure.",Proto-Jabuti: *kom ~ *kum,Proto-Jabuti: *kom ~ *kum; Are'are (Ma'asupa): hiʔa-raʔi
321,near,branch_oceanic_amerind,Proto-Sapiens Oceanicus & Americanus (Праокеанический / Праамериндский),*wɨ,wɨ,0.93,"Reconstructed stem *wɨ with initial labial/dental stop, open vowel, and preserved root structure.",Proto-Cahuapanan: *wɨ; Proto-Jabuti: *ɾɛɾi,Proto-Cahuapanan: *wɨ; Proto-Jabuti: *ɾɛɾi; Are'are (Ma'asupa): karaʔini
322,salt,branch_oceanic_amerind,Proto-Sapiens Oceanicus & Americanus (Праокеанический / Праамериндский),*yamuɾa,yamuɾa,0.92,"Reconstructed stem *yamuɾa with initial labial/dental stop, open vowel, and preserved root structure.",Proto-Cahuapanan: *yamuɾa; Proto-Jabuti: *kukə-nĩ,Proto-Cahuapanan: *yamuɾa; Proto-Jabuti: *kukə-nĩ
323,short,branch_oceanic_amerind,Proto-Sapiens Oceanicus & Americanus (Праокеанический / Праамериндский),*pa-tə,pa-tə,0.92,"Reconstructed stem *pa-tə with initial labial/dental stop, open vowel, and preserved root structure.",Proto-Jabuti: *pa-tə,Proto-Jabuti: *pa-tə; Are'are (Ma'asupa): koʔokoʔo-su
324,thin,branch_oceanic_amerind,Proto-Sapiens Oceanicus & Americanus (Праокеанический / Праамериндский),*sɪmɨ-,sɪmɨ-,0.93,"Reconstructed stem *sɪmɨ- with initial labial/dental stop, open vowel, and preserved root structure.",Proto-Cahuapanan: *sɪmɨ- #; Proto-Jabuti: *kəbi-tə,Proto-Cahuapanan: *sɪmɨ- #; Proto-Jabuti: *kəbi-tə; Are'are (Ma'asupa): marau
325,wind,branch_oceanic_amerind,Proto-Sapiens Oceanicus & Americanus (Праокеанический / Праамериндский),*kʷa,kʷa,0.93,"Reconstructed stem *kʷa with initial labial/dental stop, open vowel, and preserved root structure.",Proto-Cahuapanan: *kʷa; Proto-Jabuti: *ʔi- #,Proto-Cahuapanan: *kʷa; Proto-Jabuti: *ʔi- #; Are'are (Ma'asupa): iru
326,worm,branch_oceanic_amerind,Proto-Sapiens Oceanicus & Americanus (Праокеанический / Праамериндский),*kuwiʔ,kuwiʔ,0.91,"Reconstructed stem *kuwiʔ with initial labial/dental stop, open vowel, and preserved root structure.",Proto-Cahuapanan: *kuwiʔ,Proto-Cahuapanan: *kuwiʔ
327,year,branch_oceanic_amerind,Proto-Sapiens Oceanicus & Americanus (Праокеанический / Праамериндский),*wɨ,wɨ,0.93,"Reconstructed stem *wɨ with initial labial/dental stop, open vowel, and preserved root structure.",Proto-Cahuapanan: *wɨ; Proto-Jabuti: *nĩ=pɨ,Proto-Cahuapanan: *wɨ; Proto-Jabuti: *nĩ=pɨ; Are'are (Ma'asupa): harisi
